1,Jehu Rudeforth,UK,Mint Chip Choco,04-Jan-22,5320.00,180
2,Van Tuxwell,India,85% Dark Bars,01-Aug-22,7896.00,94
3,Gigi Bohling,India,Peanut Butter Cubes,07-Jul-22,4501.00,91
4,Jan Morforth,Australia,Peanut Butter Cubes,27-Apr-22,12726.00,342
5,Jehu Rudeforth,UK,Peanut Butter Cubes,24-Feb-22,13685.00,184
6,Van Tuxwell,India,Smooth Sliky Salty,06-Jun-22,5376.00,38
7,Oby Sorrel,UK,99% Dark & Pure,25-Jan-22,13685.00,176
8,Gunar Cockshoot,Australia,After Nines,24-Mar-22,3080.00,73
9,Jehu Rudeforth,New Zealand,50% Dark Bites,20-Apr-22,3990.00,59
10,Brien Boise,Australia,99% Dark & Pure,04-Jul-22,2835.00,102
11,Rafaelita Blaksland,UK,Smooth Sliky Salty,13-Jan-22,4704.00,62
12,Barr Faughny,USA,Orange Choco,10-Mar-22,3703.00,11
13,Mallorie Waber,Canada,Eclairs,13-Jan-22,1442.00,286
14,Karlen McCaffrey,New Zealand,Drinking Coco,28-Jul-22,168.00,156
15,Marney O'Breen,New Zealand,Peanut Butter Cubes,03-Aug-22,8379.00,173
16,Beverie Moffet,Australia,Organic Choco Syrup,26-Jan-22,6790.00,356
17,Van Tuxwell,Canada,Organic Choco Syrup,14-Feb-22,4067.00,42
18,Roddy Speechley,USA,Smooth Sliky Salty,05-Apr-22,3017.00,140
19,Beverie Moffet,Canada,Milk Bars,16-Feb-22,8799.00,250
20,Curtice Advani,UK,85% Dark Bars,08-Jun-22,1085.00,172
21,Brien Boise,Australia,Eclairs,27-Jun-22,6888.00,88
22,Gunar Cockshoot,USA,Spicy Special Slims,17-Feb-22,1267.00,157
23,Marney O'Breen,USA,After Nines,30-May-22,4753.00,163
24,Husein Augar,UK,Drinking Coco,14-Mar-22,3003.00,113
25,Kaine Padly,Australia,Eclairs,28-Feb-22,7672.00,115
26,Karlen McCaffrey,India,Fruit & Nut Bars,26-Jan-22,168.00,321
27,Roddy Speechley,Canada,Spicy Special Slims,09-Feb-22,1652.00,186
28,Husein Augar,USA,Eclairs,07-Jul-22,4025.00,112
29,Dennison Crosswaite,New Zealand,White Choc,05-Jul-22,9492.00,151
30,Dennison Crosswaite,New Zealand,Manuka Honey Choco,15-Jun-22,5061.00,301
31,Van Tuxwell,New Zealand,85% Dark Bars,24-May-22,1722.00,121
32,Rafaelita Blaksland,UK,99% Dark & Pure,29-Jun-22,12446.00,150
33,Wilone O'Kielt,Australia,Manuka Honey Choco,11-May-22,4284.00,94
34,Karlen McCaffrey,UK,Almond Choco,30-Jun-22,6839.00,133
35,Andria Kimpton,Canada,After Nines,11-May-22,2163.00,70
36,Roddy Speechley,USA,Manuka Honey Choco,22-Jul-22,9583.00,315
37,Andria Kimpton,UK,50% Dark Bites,24-Aug-22,2653.00,314
38,Kelci Walkden,New Zealand,After Nines,07-Jul-22,147.00,72
39,Camilla Castle,Australia,85% Dark Bars,19-May-22,3654.00,14
40,Karlen McCaffrey,India,Manuka Honey Choco,04-Jul-22,2443.00,581
41,Kelci Walkden,USA,After Nines,02-Jun-22,938.00,16
42,Karlen McCaffrey,USA,Raspberry Choco,15-Apr-22,14749.00,354
43,Mallorie Waber,Canada,Choco Coated Almonds,11-Jul-22,4781.00,241
44,Andria Kimpton,India,Spicy Special Slims,23-Feb-22,6307.00,142
45,Madelene Upcott,Canada,Almond Choco,22-Aug-22,7602.00,102
46,Kaine Padly,USA,Peanut Butter Cubes,16-Feb-22,6790.00,188
47,Van Tuxwell,USA,50% Dark Bites,13-Jan-22,9737.00,160
48,Curtice Advani,Australia,Milk Bars,14-Feb-22,6979.00,18
49,Roddy Speechley,India,Eclairs,10-Jun-22,4382.00,303
50,Curtice Advani,India,Fruit & Nut Bars,07-Jul-22,5243.00,176
51,Curtice Advani,Canada,Almond Choco,24-Mar-22,4865.00,70
52,Brien Boise,Australia,Fruit & Nut Bars,06-Jun-22,8575.00,23
53,Dotty Strutley,Australia,Drinking Coco,19-Jul-22,91.00,135
54,Beverie Moffet,USA,Raspberry Choco,19-Apr-22,14798.00,83
55,Marney O'Breen,India,85% Dark Bars,19-Jul-22,2205.00,179
56,Jehu Rudeforth,Canada,Drinking Coco,15-Jul-22,441.00,24
57,Ches Bonnell,New Zealand,Spicy Special Slims,14-Feb-22,3556.00,18
58,Brien Boise,Canada,99% Dark & Pure,18-May-22,16793.00,416
59,Barr Faughny,Australia,Fruit & Nut Bars,30-Jun-22,15421.00,55
60,Andria Kimpton,Australia,50% Dark Bites,02-Jun-22,4438.00,227
61,Andria Kimpton,Australia,Drinking Coco,28-Jun-22,1603.00,48
62,Marney O'Breen,Australia,Organic Choco Syrup,16-May-22,273.00,174
63,Kelci Walkden,Canada,Baker's Choco Chips,26-May-22,3073.00,302
64,Karlen McCaffrey,India,Almond Choco,06-Jul-22,6090.00,149
65,Oby Sorrel,India,99% Dark & Pure,27-May-22,10255.00,11
66,Wilone O'Kielt,Australia,Caramel Stuffed Bars,14-Apr-22,2030.00,11
67,Van Tuxwell,Australia,Organic Choco Syrup,10-Aug-22,19453.00,14
68,Camilla Castle,India,50% Dark Bites,04-Jul-22,9275.00,411
69,Oby Sorrel,India,Organic Choco Syrup,08-Jul-22,6181.00,56
70,Jan Morforth,USA,Peanut Butter Cubes,22-Jul-22,9037.00,102
71,Gigi Bohling,USA,Choco Coated Almonds,02-Mar-22,12313.00,103
72,Gigi Bohling,UK,Almond Choco,10-Jan-22,5642.00,9
73,Jehu Rudeforth,New Zealand,White Choc,11-Mar-22,2800.00,241
74,Andria Kimpton,New Zealand,Peanut Butter Cubes,20-Jun-22,959.00,265
75,Van Tuxwell,UK,Organic Choco Syrup,26-Aug-22,2002.00,214
76,Roddy Speechley,Canada,Milk Bars,13-Jul-22,609.00,32
77,Camilla Castle,USA,Spicy Special Slims,11-Feb-22,1274.00,244
78,Marney O'Breen,USA,Orange Choco,27-Jan-22,7595.00,181
79,Van Tuxwell,UK,99% Dark & Pure,31-Jan-22,4725.00,137
80,Camilla Castle,USA,White Choc,18-Aug-22,9681.00,24
81,Andria Kimpton,USA,Raspberry Choco,30-Jun-22,14504.00,21
82,Dotty Strutley,Australia,Fruit & Nut Bars,23-Aug-22,280.00,311
83,Brien Boise,New Zealand,Mint Chip Choco,01-Aug-22,63.00,181
84,Roddy Speechley,New Zealand,After Nines,25-May-22,8001.00,10
85,Roddy Speechley,Canada,Organic Choco Syrup,10-Jan-22,4032.00,82
86,Dennison Crosswaite,Australia,70% Dark Bites,07-Feb-22,5859.00,108
87,Karlen McCaffrey,USA,Orange Choco,12-May-22,11095.00,401
88,Madelene Upcott,Australia,Spicy Special Slims,07-Mar-22,7182.00,408
89,Dennison Crosswaite,Australia,85% Dark Bars,05-Apr-22,6881.00,420
90,Andria Kimpton,Canada,Caramel Stuffed Bars,03-Jan-22,7154.00,348
91,Dennison Crosswaite,UK,Eclairs,24-Mar-22,6188.00,270
92,Madelene Upcott,India,Raspberry Choco,07-Jul-22,4221.00,9
93,Van Tuxwell,USA,After Nines,26-Jul-22,630.00,264
94,Wilone O'Kielt,Australia,Organic Choco Syrup,07-Jul-22,1743.00,111
95,Karlen McCaffrey,Canada,50% Dark Bites,15-Jul-22,2919.00,65
96,Roddy Speechley,New Zealand,Orange Choco,01-Apr-22,49.00,97
97,Beverie Moffet,Australia,Eclairs,20-Jun-22,1827.00,6
98,Kelci Walkden,UK,Fruit & Nut Bars,29-Jun-22,13006.00,482
99,Marney O'Breen,USA,50% Dark Bites,15-Jun-22,1064.00,106
100,Husein Augar,USA,After Nines,08-Apr-22,11571.00,180
101,Dennison Crosswaite,Australia,Raspberry Choco,14-Mar-22,5740.00,31
102,Andria Kimpton,USA,Fruit & Nut Bars,15-Jul-22,1456.00,359
103,Kelci Walkden,India,Eclairs,19-Apr-22,5334.00,80
104,Marney O'Breen,USA,99% Dark & Pure,28-Mar-22,4151.00,296
105,Brien Boise,Canada,Spicy Special Slims,04-Mar-22,8106.00,101
106,Karlen McCaffrey,New Zealand,70% Dark Bites,02-Aug-22,126.00,40
107,Husein Augar,UK,Spicy Special Slims,25-Aug-22,4697.00,42
108,Marney O'Breen,USA,Almond Choco,25-Feb-22,7798.00,167
109,Kelci Walkden,India,Orange Choco,07-Jun-22,9408.00,138
110,Jan Morforth,India,Spicy Special Slims,12-Apr-22,1939.00,520
111,Ches Bonnell,India,Spicy Special Slims,06-Jul-22,10906.00,94
112,Kelci Walkden,UK,Smooth Sliky Salty,19-Jan-22,5929.00,175
113,Madelene Upcott,Australia,Fruit & Nut Bars,05-Jan-22,5579.00,92
114,Madelene Upcott,Canada,70% Dark Bites,24-Jan-22,10927.00,141
115,Wilone O'Kielt,Australia,Drinking Coco,06-Apr-22,623.00,283
116,Gunar Cockshoot,Australia,Fruit & Nut Bars,15-Jun-22,6013.00,21
117,Gigi Bohling,Canada,Baker's Choco Chips,28-Jan-22,1505.00,47
118,Kelci Walkden,India,Caramel Stuffed Bars,16-Mar-22,476.00,125
119,Rafaelita Blaksland,Australia,Drinking Coco,21-Feb-22,11550.00,396
120,Kelci Walkden,USA,Manuka Honey Choco,16-Feb-22,17318.00,87
121,Jehu Rudeforth,Canada,Spicy Special Slims,13-Jan-22,1848.00,27
122,Kelci Walkden,Australia,Eclairs,23-Mar-22,7273.00,547
123,Curtice Advani,Canada,Spicy Special Slims,16-Jun-22,854.00,118
124,Oby Sorrel,India,Raspberry Choco,14-Apr-22,6832.00,46
125,Kelci Walkden,UK,Eclairs,25-Jan-22,4606.00,57
126,Jan Morforth,India,Almond Choco,11-Mar-22,4466.00,22
127,Dotty Strutley,UK,Almond Choco,28-Jul-22,16114.00,96
128,Marney O'Breen,New Zealand,After Nines,09-Mar-22,1561.00,44
129,Husein Augar,Australia,Orange Choco,28-Jun-22,8897.00,188
130,Marney O'Breen,Australia,Milk Bars,28-Jul-22,2464.00,387
131,Kelci Walkden,Canada,99% Dark & Pure,15-Aug-22,4830.00,50
132,Kaine Padly,Australia,Manuka Honey Choco,12-Jan-22,2765.00,264
133,Beverie Moffet,New Zealand,White Choc,24-Mar-22,7126.00,7
134,Van Tuxwell,UK,Milk Bars,25-Jul-22,4263.00,90
135,Oby Sorrel,Canada,99% Dark & Pure,01-Aug-22,3605.00,403
136,Van Tuxwell,India,Organic Choco Syrup,16-May-22,19929.00,174
137,Roddy Speechley,India,Smooth Sliky Salty,10-Aug-22,5103.00,140
138,Jan Morforth,India,Eclairs,05-Jan-22,2541.00,27
139,Ches Bonnell,UK,Smooth Sliky Salty,11-Jul-22,5663.00,110
140,Wilone O'Kielt,USA,After Nines,25-Apr-22,392.00,30
141,Gigi Bohling,New Zealand,Fruit & Nut Bars,04-Apr-22,10976.00,121
142,Barr Faughny,USA,Raspberry Choco,12-Apr-22,9282.00,101
143,Wilone O'Kielt,New Zealand,85% Dark Bars,02-Aug-22,1827.00,117
144,Gigi Bohling,New Zealand,Manuka Honey Choco,28-Jun-22,8267.00,272
145,Ches Bonnell,Australia,Eclairs,05-Jul-22,4116.00,128
146,Rafaelita Blaksland,New Zealand,Choco Coated Almonds,07-Jun-22,2093.00,45
147,Brien Boise,New Zealand,Smooth Sliky Salty,18-Jan-22,1015.00,27
148,Brien Boise,Australia,Baker's Choco Chips,04-Jan-22,12516.00,212
149,Dennison Crosswaite,Australia,99% Dark & Pure,31-Jan-22,2758.00,18
150,Kelci Walkden,India,Almond Choco,14-Mar-22,3297.00,149
151,Camilla Castle,Australia,70% Dark Bites,29-Apr-22,6048.00,477
152,Oby Sorrel,India,Smooth Sliky Salty,07-Feb-22,10101.00,108
153,Kaine Padly,UK,Organic Choco Syrup,31-Mar-22,2282.00,178
154,Marney O'Breen,India,Caramel Stuffed Bars,16-Mar-22,4361.00,81
155,Karlen McCaffrey,UK,Eclairs,25-Jan-22,7798.00,196
156,Van Tuxwell,India,Baker's Choco Chips,20-Jun-22,3052.00,447
157,Gigi Bohling,UK,After Nines,29-Mar-22,8029.00,175
158,Curtice Advani,Australia,Orange Choco,12-Jul-22,854.00,136
159,Jehu Rudeforth,Canada,Smooth Sliky Salty,11-Jul-22,5460.00,138
160,Karlen McCaffrey,Canada,Smooth Sliky Salty,19-Jan-22,3017.00,184
161,Andria Kimpton,USA,85% Dark Bars,05-Apr-22,8911.00,82
162,Jehu Rudeforth,Canada,Milk Bars,21-Feb-22,7203.00,12
163,Rafaelita Blaksland,New Zealand,Caramel Stuffed Bars,20-May-22,13083.00,14
164,Mallorie Waber,Australia,Milk Bars,29-Jul-22,2779.00,104
165,Barr Faughny,USA,Fruit & Nut Bars,28-Jan-22,9058.00,46
166,Marney O'Breen,UK,Caramel Stuffed Bars,19-Jul-22,3549.00,112
167,Mallorie Waber,New Zealand,Manuka Honey Choco,13-Apr-22,9436.00,11
168,Roddy Speechley,India,Peanut Butter Cubes,11-Feb-22,10283.00,21
169,Roddy Speechley,New Zealand,Milk Bars,02-Mar-22,5446.00,116
170,Ches Bonnell,Australia,White Choc,02-Mar-22,1043.00,202
171,Van Tuxwell,USA,99% Dark & Pure,28-Jul-22,12586.00,6
172,Kelci Walkden,India,After Nines,07-Jan-22,1687.00,520
173,Brien Boise,UK,White Choc,12-Apr-22,5299.00,167
174,Van Tuxwell,Canada,Almond Choco,27-Jun-22,3213.00,72
175,Jehu Rudeforth,Australia,50% Dark Bites,14-Jan-22,5194.00,418
176,Karlen McCaffrey,UK,Baker's Choco Chips,07-Feb-22,4753.00,389
177,Jehu Rudeforth,Australia,Orange Choco,23-Mar-22,13706.00,26
178,Marney O'Breen,India,Peanut Butter Cubes,10-Jan-22,6489.00,146
179,Oby Sorrel,UK,Choco Coated Almonds,17-Mar-22,9324.00,41
180,Gigi Bohling,USA,Spicy Special Slims,21-Jan-22,10829.00,54
181,Barr Faughny,Australia,White Choc,04-Jul-22,8113.00,370
182,Kaine Padly,Canada,Peanut Butter Cubes,04-Jul-22,3269.00,176
183,Dotty Strutley,USA,Manuka Honey Choco,10-Aug-22,273.00,210
184,Dennison Crosswaite,Australia,50% Dark Bites,01-Apr-22,7287.00,12
185,Gigi Bohling,India,Raspberry Choco,22-Feb-22,2583.00,159
186,Camilla Castle,UK,White Choc,03-Jan-22,9982.00,187
187,Karlen McCaffrey,India,Drinking Coco,31-May-22,4795.00,233
188,Dotty Strutley,UK,99% Dark & Pure,03-Jan-22,9310.00,282
189,Husein Augar,New Zealand,Caramel Stuffed Bars,27-Jan-22,497.00,475
190,Barr Faughny,UK,50% Dark Bites,28-Jan-22,581.00,65
191,Curtice Advani,Australia,Organic Choco Syrup,28-Jun-22,3472.00,311
192,Husein Augar,UK,Choco Coated Almonds,02-Mar-22,4333.00,43
193,Wilone O'Kielt,Australia,After Nines,27-May-22,3325.00,26
194,Dennison Crosswaite,USA,Almond Choco,30-Jun-22,11718.00,84
195,Barr Faughny,Canada,Peanut Butter Cubes,07-Jun-22,2100.00,78
196,Kaine Padly,USA,70% Dark Bites,12-May-22,4018.00,100
197,Barr Faughny,New Zealand,Raspberry Choco,29-Jul-22,6468.00,66
198,Dennison Crosswaite,UK,White Choc,03-Aug-22,7238.00,265
199,Barr Faughny,India,Baker's Choco Chips,18-Aug-22,6454.00,141
200,Van Tuxwell,New Zealand,Smooth Sliky Salty,14-Jun-22,3115.00,42
201,Beverie Moffet,UK,White Choc,30-Jun-22,6475.00,76
202,Camilla Castle,New Zealand,Mint Chip Choco,13-Jun-22,1162.00,190
203,Ches Bonnell,UK,Orange Choco,27-Apr-22,14238.00,54
204,Jan Morforth,Australia,White Choc,27-Jul-22,3472.00,32
205,Mallorie Waber,Canada,85% Dark Bars,20-Apr-22,1428.00,424
206,Rafaelita Blaksland,India,Spicy Special Slims,04-Jan-22,8064.00,134
207,Ches Bonnell,Australia,Mint Chip Choco,21-Feb-22,9660.00,92
208,Karlen McCaffrey,Australia,White Choc,05-Jan-22,7357.00,48
209,Beverie Moffet,India,Drinking Coco,15-Jul-22,6055.00,46
210,Brien Boise,Australia,Choco Coated Almonds,25-May-22,5124.00,62
211,Karlen McCaffrey,Canada,Eclairs,20-Apr-22,3479.00,358
212,Gigi Bohling,USA,99% Dark & Pure,02-Jun-22,784.00,249
213,Marney O'Breen,UK,Smooth Sliky Salty,13-May-22,18991.00,88
214,Beverie Moffet,New Zealand,Baker's Choco Chips,03-Aug-22,1372.00,144
215,Beverie Moffet,Australia,Milk Bars,25-May-22,735.00,390
216,Van Tuxwell,UK,Raspberry Choco,16-Mar-22,6538.00,79
217,Jan Morforth,Australia,Orange Choco,04-Jul-22,3199.00,122
218,Jehu Rudeforth,India,50% Dark Bites,05-Jul-22,3472.00,135
219,Madelene Upcott,USA,After Nines,15-Mar-22,4571.00,430
220,Barr Faughny,UK,Raspberry Choco,22-Aug-22,5481.00,69
221,Ches Bonnell,Australia,70% Dark Bites,12-Jan-22,3136.00,125
222,Marney O'Breen,UK,Baker's Choco Chips,10-Jun-22,252.00,154
223,Kaine Padly,Australia,Peanut Butter Cubes,25-Mar-22,5460.00,286
224,Rafaelita Blaksland,India,Almond Choco,27-Jul-22,3395.00,99
225,Husein Augar,UK,Caramel Stuffed Bars,15-Apr-22,14938.00,433
226,Roddy Speechley,India,Orange Choco,27-Jun-22,4053.00,19
227,Jehu Rudeforth,UK,70% Dark Bites,14-Apr-22,5565.00,258
228,Husein Augar,Australia,Manuka Honey Choco,15-Mar-22,7161.00,92
229,Madelene Upcott,USA,Eclairs,18-Mar-22,8883.00,200
230,Brien Boise,India,Eclairs,29-Apr-22,1351.00,61
231,Mallorie Waber,New Zealand,White Choc,25-Feb-22,3171.00,246
232,Husein Augar,USA,Milk Bars,02-Mar-22,854.00,56
233,Van Tuxwell,Australia,Milk Bars,20-Jun-22,7910.00,87
234,Beverie Moffet,Canada,White Choc,15-Jul-22,9275.00,173
235,Dotty Strutley,Australia,50% Dark Bites,12-May-22,3108.00,252
236,Mallorie Waber,New Zealand,Organic Choco Syrup,01-Jul-22,5075.00,256
237,Husein Augar,USA,85% Dark Bars,08-Aug-22,378.00,54
238,Madelene Upcott,Australia,50% Dark Bites,25-Jul-22,7350.00,6
239,Wilone O'Kielt,UK,Drinking Coco,18-May-22,3388.00,55
240,Camilla Castle,India,Peanut Butter Cubes,15-Jul-22,11837.00,277
241,Curtice Advani,India,70% Dark Bites,05-Jul-22,2282.00,44
242,Mallorie Waber,USA,Manuka Honey Choco,04-Jul-22,5425.00,96
243,Dotty Strutley,UK,70% Dark Bites,20-Jun-22,1267.00,216
244,Gunar Cockshoot,Australia,Almond Choco,25-Jan-22,3752.00,424
245,Kaine Padly,New Zealand,Spicy Special Slims,01-Jul-22,7728.00,37
246,Gigi Bohling,USA,50% Dark Bites,13-Apr-22,2296.00,59
247,Beverie Moffet,UK,Smooth Sliky Salty,04-May-22,4403.00,76
248,Beverie Moffet,Australia,Baker's Choco Chips,04-Aug-22,3192.00,109
249,Beverie Moffet,India,70% Dark Bites,01-Jun-22,448.00,146
250,Jehu Rudeforth,UK,Choco Coated Almonds,22-Apr-22,4270.00,185
251,Kaine Padly,USA,50% Dark Bites,03-Aug-22,70.00,27
252,Ches Bonnell,USA,Orange Choco,10-Jun-22,1743.00,69
253,Gunar Cockshoot,UK,Manuka Honey Choco,27-Jun-22,6762.00,46
254,Marney O'Breen,Australia,Smooth Sliky Salty,03-Jan-22,3745.00,170
255,Marney O'Breen,India,After Nines,11-Jul-22,2639.00,179
256,Ches Bonnell,New Zealand,Milk Bars,17-Aug-22,4389.00,126
257,Rafaelita Blaksland,USA,Fruit & Nut Bars,18-Jan-22,2604.00,65
258,Ches Bonnell,India,Organic Choco Syrup,08-Mar-22,16569.00,99
259,Mallorie Waber,Australia,Orange Choco,07-Mar-22,14658.00,275
260,Husein Augar,India,70% Dark Bites,09-May-22,6454.00,157
261,Barr Faughny,New Zealand,85% Dark Bars,23-May-22,2100.00,157
262,Madelene Upcott,UK,Caramel Stuffed Bars,15-Apr-22,161.00,145
263,Gigi Bohling,Australia,Drinking Coco,27-Jul-22,2807.00,139
264,Marney O'Breen,Canada,Choco Coated Almonds,22-Aug-22,2639.00,406
265,Ches Bonnell,USA,70% Dark Bites,11-May-22,4571.00,122
266,Madelene Upcott,India,Organic Choco Syrup,26-Jan-22,4781.00,38
267,Barr Faughny,USA,50% Dark Bites,14-Apr-22,13034.00,117
268,Dennison Crosswaite,New Zealand,Mint Chip Choco,05-Apr-22,6454.00,417
269,Marney O'Breen,New Zealand,Smooth Sliky Salty,14-Jun-22,8484.00,57
270,Brien Boise,Canada,Almond Choco,13-Apr-22,4781.00,125
271,Beverie Moffet,Australia,White Choc,27-Jun-22,2240.00,166
272,Dotty Strutley,Australia,Eclairs,26-Jan-22,6979.00,3
273,Barr Faughny,UK,White Choc,05-Jul-22,1652.00,72
274,Beverie Moffet,Canada,Baker's Choco Chips,11-Jan-22,13447.00,95
275,Kelci Walkden,USA,White Choc,07-Mar-22,9422.00,22
276,Kaine Padly,Canada,50% Dark Bites,04-Mar-22,8687.00,100
277,Karlen McCaffrey,Canada,Organic Choco Syrup,15-Jul-22,2415.00,312
278,Kaine Padly,UK,Peanut Butter Cubes,11-May-22,6272.00,86
279,Karlen McCaffrey,USA,Milk Bars,27-Jan-22,4389.00,7
280,Karlen McCaffrey,India,Orange Choco,27-Jun-22,3122.00,149
281,Ches Bonnell,India,Smooth Sliky Salty,03-Aug-22,8043.00,18
282,Wilone O'Kielt,New Zealand,Mint Chip Choco,19-Aug-22,11662.00,242
283,Wilone O'Kielt,Australia,Fruit & Nut Bars,15-Jun-22,392.00,102
284,Dennison Crosswaite,UK,Peanut Butter Cubes,07-Feb-22,8925.00,158
285,Karlen McCaffrey,Australia,Almond Choco,08-Jul-22,7294.00,128
286,Dennison Crosswaite,India,Milk Bars,21-Apr-22,1526.00,96
287,Ches Bonnell,UK,Mint Chip Choco,08-Apr-22,2688.00,209
288,Husein Augar,Australia,50% Dark Bites,19-Aug-22,14889.00,52
289,Jan Morforth,India,Fruit & Nut Bars,04-May-22,2912.00,55
290,Mallorie Waber,USA,85% Dark Bars,11-May-22,2632.00,108
291,Mallorie Waber,USA,Eclairs,22-Mar-22,6328.00,51
292,Dennison Crosswaite,Canada,Spicy Special Slims,10-Aug-22,2527.00,216
293,Dennison Crosswaite,USA,Fruit & Nut Bars,04-May-22,1414.00,318
294,Kelci Walkden,USA,99% Dark & Pure,18-Aug-22,7714.00,238
295,Dotty Strutley,Canada,Raspberry Choco,03-Aug-22,4347.00,238
296,Marney O'Breen,New Zealand,Milk Bars,14-Jan-22,7490.00,315
297,Madelene Upcott,Australia,Choco Coated Almonds,08-Apr-22,2058.00,72
298,Kelci Walkden,UK,Orange Choco,01-Aug-22,3640.00,3
299,Dennison Crosswaite,Canada,Eclairs,15-Mar-22,455.00,45
300,Karlen McCaffrey,India,Mint Chip Choco,15-Jul-22,10990.00,184
301,Barr Faughny,New Zealand,Almond Choco,13-Jan-22,5558.00,127
302,Mallorie Waber,Australia,85% Dark Bars,26-Aug-22,2541.00,53
303,Ches Bonnell,Canada,Eclairs,10-Jan-22,1876.00,172
304,Gigi Bohling,Australia,White Choc,11-May-22,5523.00,87
305,Beverie Moffet,New Zealand,85% Dark Bars,30-Aug-22,11200.00,22
306,Kaine Padly,USA,Caramel Stuffed Bars,21-Jul-22,5593.00,122
307,Mallorie Waber,Australia,Almond Choco,01-Aug-22,7882.00,125
308,Brien Boise,Canada,85% Dark Bars,17-Feb-22,10241.00,259
309,Brien Boise,Australia,Drinking Coco,27-Jul-22,6832.00,156
310,Dotty Strutley,USA,Orange Choco,23-Feb-22,1379.00,107
311,Rafaelita Blaksland,Australia,50% Dark Bites,22-Mar-22,3010.00,40
312,Dennison Crosswaite,India,99% Dark & Pure,23-Jun-22,6888.00,311
313,Curtice Advani,UK,White Choc,01-Feb-22,1540.00,73
314,Kelci Walkden,Australia,After Nines,02-Mar-22,6916.00,288
315,Gigi Bohling,UK,Fruit & Nut Bars,06-Apr-22,1232.00,86
316,Gunar Cockshoot,Australia,Raspberry Choco,17-Mar-22,602.00,72
317,Curtice Advani,UK,Fruit & Nut Bars,24-Jun-22,10927.00,136
318,Barr Faughny,Canada,50% Dark Bites,19-Jul-22,10185.00,303
319,Curtice Advani,USA,Spicy Special Slims,11-Jul-22,1603.00,264
320,Brien Boise,India,Almond Choco,13-Jan-22,2170.00,218
321,Oby Sorrel,New Zealand,Smooth Sliky Salty,07-Jul-22,8673.00,60
322,Jan Morforth,India,85% Dark Bars,25-May-22,4760.00,418
323,Marney O'Breen,India,Fruit & Nut Bars,13-Apr-22,4753.00,151
324,Andria Kimpton,New Zealand,50% Dark Bites,02-Mar-22,3374.00,202
325,Gunar Cockshoot,Canada,Raspberry Choco,23-Jun-22,2058.00,126
326,Kelci Walkden,USA,Drinking Coco,26-Jul-22,6454.00,160
327,Van Tuxwell,Canada,White Choc,22-Mar-22,420.00,3
328,Rafaelita Blaksland,USA,Baker's Choco Chips,09-Jun-22,2863.00,58
329,Van Tuxwell,Australia,Caramel Stuffed Bars,17-May-22,5936.00,59
330,Ches Bonnell,New Zealand,Peanut Butter Cubes,04-Mar-22,889.00,273
331,Kelci Walkden,Canada,Milk Bars,07-Jul-22,16016.00,28
332,Dennison Crosswaite,Canada,Choco Coated Almonds,13-Jan-22,10479.00,118
333,Curtice Advani,Australia,Almond Choco,13-Jul-22,2912.00,75
334,Madelene Upcott,Australia,85% Dark Bars,16-Jun-22,1575.00,329
335,Gigi Bohling,UK,50% Dark Bites,18-Jul-22,8197.00,69
336,Ches Bonnell,UK,Manuka Honey Choco,30-May-22,4221.00,395
337,Gigi Bohling,UK,70% Dark Bites,21-Jun-22,840.00,81
338,Jehu Rudeforth,Australia,Peanut Butter Cubes,24-Jun-22,5691.00,38
339,Marney O'Breen,India,Eclairs,13-Jan-22,3472.00,96
340,Curtice Advani,Canada,Fruit & Nut Bars,04-Apr-22,4193.00,195
341,Kaine Padly,UK,Smooth Sliky Salty,08-Jun-22,9016.00,554
342,Karlen McCaffrey,Canada,Spicy Special Slims,02-Aug-22,6328.00,47
343,Kelci Walkden,USA,Organic Choco Syrup,21-Jul-22,9870.00,152
344,Curtice Advani,India,Spicy Special Slims,20-Jun-22,161.00,134
345,Roddy Speechley,India,After Nines,22-Jun-22,2576.00,112
346,Camilla Castle,Australia,Caramel Stuffed Bars,02-May-22,3178.00,16
347,Curtice Advani,Australia,99% Dark & Pure,07-Jan-22,4676.00,84
348,Mallorie Waber,UK,50% Dark Bites,21-Feb-22,5502.00,99
349,Ches Bonnell,Canada,Baker's Choco Chips,21-Mar-22,7462.00,371
350,Van Tuxwell,UK,Drinking Coco,04-Apr-22,5803.00,136
351,Gunar Cockshoot,Canada,Fruit & Nut Bars,24-Mar-22,13888.00,203
352,Gunar Cockshoot,New Zealand,Spicy Special Slims,28-Jun-22,6867.00,183
353,Gunar Cockshoot,Australia,Drinking Coco,14-Jan-22,2317.00,195
354,Karlen McCaffrey,New Zealand,Fruit & Nut Bars,07-Feb-22,1218.00,135
355,Dennison Crosswaite,New Zealand,Drinking Coco,11-Jan-22,4109.00,197
356,Jehu Rudeforth,India,99% Dark & Pure,25-Feb-22,1953.00,242
357,Dotty Strutley,Australia,Mint Chip Choco,01-Aug-22,6790.00,25
358,Roddy Speechley,Australia,Mint Chip Choco,05-May-22,6797.00,252
359,Madelene Upcott,New Zealand,Raspberry Choco,18-May-22,9226.00,415
360,Dotty Strutley,New Zealand,Choco Coated Almonds,04-Jan-22,5733.00,348
361,Roddy Speechley,New Zealand,50% Dark Bites,09-May-22,4312.00,211
362,Rafaelita Blaksland,India,Smooth Sliky Salty,06-May-22,1638.00,81
363,Husein Augar,UK,White Choc,13-Jan-22,10815.00,145
364,Roddy Speechley,Australia,Almond Choco,24-Jun-22,4466.00,74
365,Van Tuxwell,USA,Caramel Stuffed Bars,14-Feb-22,987.00,21
366,Camilla Castle,Australia,99% Dark & Pure,18-Jan-22,4669.00,101
367,Kaine Padly,India,Milk Bars,02-May-22,2905.00,91
368,Ches Bonnell,Australia,Smooth Sliky Salty,16-May-22,7490.00,54
369,Mallorie Waber,USA,Almond Choco,28-Jan-22,6986.00,368
370,Kaine Padly,Canada,99% Dark & Pure,24-Jun-22,1288.00,409
371,Oby Sorrel,UK,After Nines,18-Jul-22,2345.00,104
372,Gunar Cockshoot,UK,Eclairs,13-Apr-22,3619.00,164
373,Dotty Strutley,USA,Caramel Stuffed Bars,15-Apr-22,16982.00,76
374,Jan Morforth,India,Peanut Butter Cubes,04-Jan-22,8092.00,178
375,Husein Augar,Australia,Eclairs,04-Jul-22,6993.00,31
376,Beverie Moffet,USA,Smooth Sliky Salty,24-Mar-22,2317.00,352
377,Camilla Castle,Australia,Manuka Honey Choco,17-Mar-22,637.00,169
378,Oby Sorrel,Australia,Almond Choco,15-Feb-22,6034.00,223
379,Jan Morforth,USA,Orange Choco,29-Jun-22,980.00,146
380,Gigi Bohling,USA,Fruit & Nut Bars,24-May-22,2821.00,112
381,Mallorie Waber,UK,Milk Bars,10-Jan-22,3563.00,284
382,Curtice Advani,USA,Raspberry Choco,15-Mar-22,2996.00,139
383,Marney O'Breen,Canada,Milk Bars,08-Feb-22,2436.00,309
384,Brien Boise,India,Caramel Stuffed Bars,25-Feb-22,1540.00,100
385,Gunar Cockshoot,USA,Eclairs,03-May-22,6916.00,42
386,Roddy Speechley,USA,Fruit & Nut Bars,14-Jun-22,5509.00,24
387,Gunar Cockshoot,India,50% Dark Bites,09-Aug-22,12992.00,83
388,Wilone O'Kielt,New Zealand,Manuka Honey Choco,11-Jul-22,3724.00,234
389,Kaine Padly,UK,Manuka Honey Choco,14-Jan-22,7133.00,118
390,Van Tuxwell,Canada,Manuka Honey Choco,24-Feb-22,8617.00,46
391,Wilone O'Kielt,New Zealand,Almond Choco,15-Mar-22,9198.00,144
392,Oby Sorrel,New Zealand,Baker's Choco Chips,25-Apr-22,11823.00,47
393,Dennison Crosswaite,Australia,Organic Choco Syrup,10-May-22,5775.00,41
394,Marney O'Breen,Australia,Spicy Special Slims,23-Jun-22,13125.00,275
395,Beverie Moffet,Canada,Smooth Sliky Salty,28-Feb-22,14287.00,370
396,Brien Boise,USA,Organic Choco Syrup,25-May-22,16233.00,138
397,Roddy Speechley,New Zealand,Baker's Choco Chips,22-Feb-22,5313.00,215
398,Van Tuxwell,UK,85% Dark Bars,11-Jul-22,3577.00,134
399,Marney O'Breen,Canada,Spicy Special Slims,03-Jan-22,3528.00,336
400,Rafaelita Blaksland,New Zealand,70% Dark Bites,24-Aug-22,679.00,280
401,Beverie Moffet,USA,50% Dark Bites,28-Jul-22,2450.00,352
402,Brien Boise,USA,Mint Chip Choco,25-May-22,10577.00,150
403,Karlen McCaffrey,New Zealand,Eclairs,06-May-22,2597.00,177
404,Barr Faughny,India,Drinking Coco,28-Jan-22,2219.00,142
405,Marney O'Breen,UK,Orange Choco,06-Jun-22,11319.00,12
406,Brien Boise,New Zealand,Baker's Choco Chips,12-Jul-22,5978.00,24
407,Ches Bonnell,Canada,Spicy Special Slims,05-Aug-22,5327.00,183
408,Brien Boise,USA,Orange Choco,28-Jan-22,6020.00,147
409,Kaine Padly,India,Spicy Special Slims,31-Aug-22,5614.00,137
410,Mallorie Waber,USA,50% Dark Bites,19-Apr-22,1736.00,13
411,Mallorie Waber,UK,Mint Chip Choco,29-Jun-22,6384.00,2
412,Beverie Moffet,India,Choco Coated Almonds,24-Feb-22,3577.00,261
413,Madelene Upcott,UK,Smooth Sliky Salty,04-Mar-22,14539.00,84
414,Gigi Bohling,India,Eclairs,21-Jun-22,3493.00,68
415,Rafaelita Blaksland,Australia,Organic Choco Syrup,26-Jan-22,994.00,105
416,Oby Sorrel,New Zealand,White Choc,10-Jun-22,4361.00,40
417,Andria Kimpton,UK,Drinking Coco,23-May-22,1554.00,65
418,Kelci Walkden,India,Milk Bars,15-Apr-22,966.00,107
419,Karlen McCaffrey,New Zealand,Caramel Stuffed Bars,31-Jan-22,5334.00,227
420,Andria Kimpton,New Zealand,Organic Choco Syrup,04-Mar-22,4935.00,39
421,Barr Faughny,New Zealand,After Nines,19-Apr-22,10024.00,84
422,Beverie Moffet,UK,Almond Choco,16-May-22,2506.00,100
423,Oby Sorrel,Australia,Raspberry Choco,17-Feb-22,1043.00,120
424,Dennison Crosswaite,USA,Raspberry Choco,18-Jan-22,6524.00,257
425,Roddy Speechley,Canada,Orange Choco,09-Feb-22,8148.00,85
426,Mallorie Waber,Canada,Orange Choco,23-Mar-22,3577.00,178
427,Madelene Upcott,New Zealand,Caramel Stuffed Bars,01-Feb-22,3374.00,151
428,Mallorie Waber,India,Drinking Coco,07-Mar-22,3948.00,142
429,Ches Bonnell,UK,White Choc,03-Jan-22,3269.00,226
430,Ches Bonnell,USA,White Choc,11-Feb-22,5271.00,341
431,Dennison Crosswaite,New Zealand,Orange Choco,16-Mar-22,4571.00,140
432,Dotty Strutley,India,White Choc,15-Aug-22,12327.00,330
433,Gigi Bohling,India,Manuka Honey Choco,12-May-22,4935.00,73
434,Van Tuxwell,India,Spicy Special Slims,11-Apr-22,6167.00,4
435,Jan Morforth,New Zealand,Mint Chip Choco,30-Jun-22,18340.00,285
436,Dotty Strutley,New Zealand,White Choc,15-Jun-22,7014.00,60
437,Rafaelita Blaksland,Canada,Caramel Stuffed Bars,01-Aug-22,7119.00,101
438,Kaine Padly,USA,Milk Bars,15-Jun-22,15491.00,58
439,Brien Boise,India,After Nines,16-Jun-22,5747.00,45
440,Oby Sorrel,New Zealand,Raspberry Choco,13-May-22,4550.00,281
441,Dennison Crosswaite,USA,Drinking Coco,10-May-22,2191.00,138
442,Oby Sorrel,India,Eclairs,25-Aug-22,5663.00,322
443,Ches Bonnell,New Zealand,Organic Choco Syrup,15-Jul-22,7623.00,85
444,Gigi Bohling,UK,Baker's Choco Chips,16-May-22,9023.00,409
445,Jan Morforth,Australia,50% Dark Bites,14-Jun-22,3402.00,182
446,Beverie Moffet,Australia,Smooth Sliky Salty,25-Jan-22,10507.00,467
447,Ches Bonnell,USA,Organic Choco Syrup,28-Jul-22,7721.00,14
448,Brien Boise,Canada,Mint Chip Choco,28-Jan-22,5033.00,178
449,Kaine Padly,UK,Orange Choco,29-Jun-22,1960.00,191
450,Karlen McCaffrey,Australia,70% Dark Bites,24-Jun-22,238.00,317
451,Gunar Cockshoot,Canada,Mint Chip Choco,01-Jul-22,7756.00,410
452,Roddy Speechley,USA,Peanut Butter Cubes,25-Feb-22,1736.00,137
453,Curtice Advani,Canada,Smooth Sliky Salty,01-Aug-22,2660.00,12
454,Oby Sorrel,Australia,Milk Bars,21-Jun-22,7672.00,254
455,Camilla Castle,New Zealand,Spicy Special Slims,25-Jan-22,11564.00,24
456,Gigi Bohling,UK,Milk Bars,17-May-22,1365.00,232
457,Andria Kimpton,Australia,85% Dark Bars,23-Aug-22,4186.00,233
458,Camilla Castle,Australia,Smooth Sliky Salty,03-Mar-22,7406.00,118
459,Roddy Speechley,India,Caramel Stuffed Bars,30-May-22,8911.00,543
460,Karlen McCaffrey,USA,Drinking Coco,29-Jun-22,112.00,223
461,Andria Kimpton,Canada,Organic Choco Syrup,04-Jan-22,8204.00,204
462,Jehu Rudeforth,Australia,Drinking Coco,14-Jan-22,2611.00,65
463,Karlen McCaffrey,USA,Mint Chip Choco,15-Feb-22,15652.00,53
464,Curtice Advani,New Zealand,Spicy Special Slims,10-Jan-22,4074.00,469
465,Madelene Upcott,USA,White Choc,04-May-22,12250.00,213
466,Andria Kimpton,USA,Spicy Special Slims,23-May-22,2366.00,5
467,Barr Faughny,New Zealand,Fruit & Nut Bars,26-Apr-22,1687.00,147
468,Oby Sorrel,Canada,Organic Choco Syrup,05-Jul-22,1232.00,74
469,Madelene Upcott,UK,Organic Choco Syrup,21-Jul-22,6965.00,163
470,Dotty Strutley,USA,Mint Chip Choco,21-Feb-22,5292.00,248
471,Kelci Walkden,USA,Orange Choco,03-Feb-22,1379.00,138
472,Gigi Bohling,Australia,Caramel Stuffed Bars,08-Jul-22,8001.00,151
473,Mallorie Waber,India,50% Dark Bites,31-May-22,588.00,139
474,Van Tuxwell,New Zealand,Mint Chip Choco,27-Jun-22,4046.00,103
475,Van Tuxwell,India,50% Dark Bites,13-May-22,5103.00,129
476,Van Tuxwell,USA,Manuka Honey Choco,31-May-22,2317.00,102
477,Wilone O'Kielt,USA,Orange Choco,28-Feb-22,7042.00,37
478,Barr Faughny,New Zealand,Eclairs,28-Mar-22,6713.00,31
479,Gigi Bohling,USA,After Nines,14-Jan-22,1848.00,227
480,Barr Faughny,New Zealand,Mint Chip Choco,21-Feb-22,6440.00,145
481,Dennison Crosswaite,Canada,85% Dark Bars,01-Aug-22,10885.00,90
482,Beverie Moffet,New Zealand,Smooth Sliky Salty,19-May-22,2387.00,59
483,Husein Augar,USA,White Choc,13-Jul-22,2030.00,60
484,Andria Kimpton,Australia,Peanut Butter Cubes,20-Apr-22,6678.00,148
485,Dennison Crosswaite,India,85% Dark Bars,30-Jun-22,4515.00,22
486,Curtice Advani,UK,50% Dark Bites,08-Mar-22,3374.00,142
487,Gunar Cockshoot,USA,Fruit & Nut Bars,09-Mar-22,5852.00,93
488,Oby Sorrel,Canada,Raspberry Choco,16-Jun-22,1750.00,208
489,Gigi Bohling,UK,Drinking Coco,30-Jun-22,5782.00,42
490,Kelci Walkden,India,Mint Chip Choco,28-Jul-22,2870.00,120
491,Karlen McCaffrey,Canada,Peanut Butter Cubes,12-Aug-22,3094.00,159
492,Barr Faughny,UK,Mint Chip Choco,07-Jul-22,3724.00,316
493,Barr Faughny,USA,85% Dark Bars,25-Aug-22,12761.00,47
494,Husein Augar,Canada,Eclairs,17-Jan-22,3696.00,233
495,Jan Morforth,Australia,70% Dark Bites,04-Mar-22,5222.00,384
496,Marney O'Breen,New Zealand,Fruit & Nut Bars,25-Aug-22,8939.00,4
497,Ches Bonnell,UK,Peanut Butter Cubes,15-Apr-22,2156.00,260
498,Kaine Padly,USA,Organic Choco Syrup,11-Mar-22,2380.00,22
499,Camilla Castle,USA,Raspberry Choco,20-May-22,3339.00,18
500,Brien Boise,New Zealand,Manuka Honey Choco,14-Jun-22,14980.00,42
501,Jehu Rudeforth,New Zealand,After Nines,14-Apr-22,1512.00,73
502,Jehu Rudeforth,USA,Smooth Sliky Salty,07-Jul-22,6657.00,154
503,Madelene Upcott,India,Mint Chip Choco,24-Aug-22,3836.00,71
504,Jehu Rudeforth,India,Eclairs,24-Feb-22,8771.00,127
505,Karlen McCaffrey,Canada,Raspberry Choco,09-May-22,651.00,224
506,Kaine Padly,Australia,70% Dark Bites,08-Feb-22,6706.00,223
507,Roddy Speechley,UK,70% Dark Bites,24-Mar-22,1421.00,284
508,Rafaelita Blaksland,USA,Drinking Coco,20-Jun-22,8526.00,73
509,Mallorie Waber,Canada,Manuka Honey Choco,07-Mar-22,1435.00,112
510,Kaine Padly,Australia,Fruit & Nut Bars,20-Jun-22,7434.00,85
511,Oby Sorrel,New Zealand,Organic Choco Syrup,17-Feb-22,15316.00,270
512,Madelene Upcott,UK,99% Dark & Pure,26-Jan-22,10479.00,45
513,Madelene Upcott,Australia,Mint Chip Choco,02-May-22,2751.00,153
514,Curtice Advani,Canada,99% Dark & Pure,07-Jul-22,12586.00,7
515,Rafaelita Blaksland,Australia,Baker's Choco Chips,22-Aug-22,2786.00,51
516,Karlen McCaffrey,Australia,After Nines,11-Aug-22,2303.00,67
517,Marney O'Breen,UK,99% Dark & Pure,13-Jan-22,8113.00,194
518,Gunar Cockshoot,Australia,50% Dark Bites,02-Mar-22,12271.00,116
519,Marney O'Breen,Australia,Choco Coated Almonds,27-Jul-22,11298.00,41
520,Kelci Walkden,New Zealand,Drinking Coco,10-Mar-22,15855.00,111
521,Beverie Moffet,USA,85% Dark Bars,23-Aug-22,12404.00,334
522,Roddy Speechley,USA,Eclairs,25-Apr-22,3990.00,155
523,Dennison Crosswaite,UK,Milk Bars,07-Mar-22,10808.00,407
524,Wilone O'Kielt,UK,Organic Choco Syrup,12-Jul-22,4858.00,52
525,Madelene Upcott,USA,Orange Choco,16-May-22,7742.00,138
526,Gunar Cockshoot,India,Smooth Sliky Salty,02-Mar-22,3752.00,70
527,Marney O'Breen,New Zealand,85% Dark Bars,30-May-22,1218.00,149
528,Marney O'Breen,UK,Manuka Honey Choco,10-Jun-22,10983.00,179
529,Brien Boise,USA,99% Dark & Pure,25-Jul-22,6769.00,353
530,Beverie Moffet,New Zealand,Mint Chip Choco,09-Jun-22,4361.00,97
531,Dennison Crosswaite,USA,Milk Bars,12-May-22,777.00,60
532,Gunar Cockshoot,USA,Drinking Coco,09-May-22,3843.00,5
533,Brien Boise,Canada,Manuka Honey Choco,09-Aug-22,6930.00,182
534,Van Tuxwell,India,Choco Coated Almonds,13-Apr-22,5733.00,114
535,Andria Kimpton,USA,Caramel Stuffed Bars,02-May-22,8393.00,46
536,Dotty Strutley,USA,99% Dark & Pure,09-Aug-22,3822.00,320
537,Camilla Castle,Australia,Raspberry Choco,23-Aug-22,6342.00,178
538,Gunar Cockshoot,India,Spicy Special Slims,13-May-22,6510.00,170
539,Karlen McCaffrey,USA,Manuka Honey Choco,01-Feb-22,10171.00,67
540,Camilla Castle,USA,50% Dark Bites,23-Jun-22,5908.00,301
541,Madelene Upcott,UK,Choco Coated Almonds,24-May-22,10164.00,134
542,Jan Morforth,Canada,Mint Chip Choco,01-Apr-22,1064.00,211
543,Camilla Castle,Canada,70% Dark Bites,27-Jul-22,9716.00,151
544,Ches Bonnell,India,Peanut Butter Cubes,27-Jan-22,22050.00,208
545,Jan Morforth,India,Choco Coated Almonds,12-Aug-22,2541.00,134
546,Gigi Bohling,Canada,Almond Choco,01-Feb-22,9989.00,49
547,Rafaelita Blaksland,India,After Nines,02-Mar-22,4739.00,204
548,Kelci Walkden,Australia,99% Dark & Pure,30-Jun-22,3185.00,34
549,Dotty Strutley,Australia,Spicy Special Slims,17-Jan-22,8225.00,91
550,Brien Boise,USA,Milk Bars,07-Jul-22,14301.00,130
551,Mallorie Waber,New Zealand,Mint Chip Choco,31-Jan-22,1316.00,107
552,Beverie Moffet,UK,99% Dark & Pure,10-Aug-22,3486.00,121
553,Beverie Moffet,USA,Peanut Butter Cubes,18-Aug-22,13930.00,339
554,Brien Boise,New Zealand,White Choc,15-Jun-22,5509.00,321
555,Marney O'Breen,USA,Baker's Choco Chips,26-Jan-22,8470.00,9
556,Kelci Walkden,USA,Spicy Special Slims,29-Apr-22,77.00,69
557,Mallorie Waber,Canada,White Choc,03-Mar-22,3381.00,72
558,Kaine Padly,Australia,Almond Choco,22-Feb-22,4102.00,392
559,Oby Sorrel,USA,Smooth Sliky Salty,04-Mar-22,3577.00,158
560,Dennison Crosswaite,India,Smooth Sliky Salty,07-Jul-22,2975.00,9
561,Camilla Castle,New Zealand,Caramel Stuffed Bars,17-Jun-22,4137.00,347
562,Jan Morforth,Canada,Caramel Stuffed Bars,02-Aug-22,9541.00,114
563,Oby Sorrel,USA,Baker's Choco Chips,12-Aug-22,8001.00,120
564,Madelene Upcott,New Zealand,Peanut Butter Cubes,28-Jan-22,5152.00,333
565,Kelci Walkden,Australia,Orange Choco,29-Apr-22,11116.00,432
566,Marney O'Breen,Australia,Manuka Honey Choco,05-Apr-22,13076.00,236
567,Kaine Padly,Canada,Manuka Honey Choco,18-Jan-22,10213.00,135
568,Jehu Rudeforth,UK,Baker's Choco Chips,16-May-22,2485.00,97
569,Kelci Walkden,Australia,White Choc,24-Aug-22,8715.00,168
570,Curtice Advani,India,85% Dark Bars,18-Jan-22,273.00,402
571,Kaine Padly,USA,Eclairs,22-Aug-22,7623.00,10
572,Gunar Cockshoot,UK,99% Dark & Pure,07-Mar-22,7.00,84
573,Beverie Moffet,UK,Choco Coated Almonds,04-Mar-22,3010.00,69
574,Dotty Strutley,Canada,Manuka Honey Choco,22-Apr-22,11550.00,111
575,Kaine Padly,Australia,Milk Bars,09-Jun-22,4046.00,89
576,Jan Morforth,Canada,Fruit & Nut Bars,25-Jul-22,8904.00,199
577,Jan Morforth,India,Smooth Sliky Salty,03-Aug-22,11298.00,89
578,Rafaelita Blaksland,Australia,Manuka Honey Choco,03-Aug-22,4396.00,131
579,Jehu Rudeforth,UK,Milk Bars,03-May-22,12068.00,227
580,Husein Augar,Canada,After Nines,19-Jan-22,9772.00,301
581,Roddy Speechley,USA,50% Dark Bites,11-Feb-22,10458.00,316
582,Van Tuxwell,India,Almond Choco,14-Jun-22,6426.00,390
583,Kelci Walkden,USA,50% Dark Bites,23-Mar-22,6188.00,223
584,Madelene Upcott,Canada,85% Dark Bars,17-Feb-22,7504.00,101
585,Dennison Crosswaite,Canada,Smooth Sliky Salty,17-Mar-22,1750.00,479
586,Mallorie Waber,Australia,Spicy Special Slims,29-Jun-22,5439.00,287
587,Ches Bonnell,Canada,Choco Coated Almonds,24-Aug-22,15547.00,269
588,Gigi Bohling,Canada,Spicy Special Slims,04-Jul-22,11956.00,277
589,Roddy Speechley,New Zealand,Almond Choco,28-Mar-22,2723.00,67
590,Curtice Advani,India,Smooth Sliky Salty,19-Apr-22,19327.00,135
591,Ches Bonnell,New Zealand,Mint Chip Choco,18-Jan-22,9058.00,229
592,Van Tuxwell,New Zealand,Fruit & Nut Bars,17-Jan-22,2996.00,88
593,Andria Kimpton,New Zealand,Mint Chip Choco,15-Feb-22,8848.00,211
594,Andria Kimpton,UK,Milk Bars,11-Feb-22,14336.00,293
595,Camilla Castle,USA,Manuka Honey Choco,21-Mar-22,16401.00,179
596,Gunar Cockshoot,New Zealand,Almond Choco,05-Jan-22,5173.00,129
597,Brien Boise,India,Raspberry Choco,30-May-22,6328.00,164
598,Jehu Rudeforth,USA,99% Dark & Pure,04-Jan-22,2534.00,219
599,Beverie Moffet,Australia,Fruit & Nut Bars,22-Apr-22,1435.00,258
600,Gigi Bohling,Canada,Milk Bars,10-Feb-22,3052.00,116
601,Dotty Strutley,India,Spicy Special Slims,12-Aug-22,910.00,204
602,Gunar Cockshoot,USA,Organic Choco Syrup,10-Aug-22,2331.00,321
603,Kelci Walkden,Australia,Raspberry Choco,07-Jun-22,679.00,56
604,Jehu Rudeforth,India,Baker's Choco Chips,06-Jun-22,2086.00,74
605,Karlen McCaffrey,New Zealand,Baker's Choco Chips,05-Apr-22,5012.00,189
606,Wilone O'Kielt,USA,50% Dark Bites,18-Apr-22,4501.00,131
607,Andria Kimpton,India,50% Dark Bites,31-Jan-22,13482.00,15
608,Madelene Upcott,USA,Baker's Choco Chips,22-Aug-22,5621.00,140
609,Jehu Rudeforth,Australia,99% Dark & Pure,25-Feb-22,10486.00,198
610,Jan Morforth,Australia,Mint Chip Choco,22-Feb-22,17626.00,103
611,Oby Sorrel,New Zealand,Milk Bars,12-Jan-22,4494.00,187
612,Brien Boise,UK,Almond Choco,25-May-22,105.00,125
613,Kelci Walkden,India,Smooth Sliky Salty,01-Feb-22,2464.00,8
614,Rafaelita Blaksland,UK,Eclairs,27-Apr-22,1379.00,70
615,Gigi Bohling,USA,Smooth Sliky Salty,22-Jul-22,2583.00,126
616,Curtice Advani,New Zealand,Mint Chip Choco,26-Jan-22,3220.00,265
617,Curtice Advani,USA,Mint Chip Choco,24-Aug-22,4802.00,296
618,Madelene Upcott,New Zealand,Fruit & Nut Bars,18-Jan-22,5677.00,21
619,Karlen McCaffrey,India,85% Dark Bars,30-Mar-22,945.00,83
620,Ches Bonnell,Australia,Caramel Stuffed Bars,17-Jan-22,8757.00,162
621,Kelci Walkden,USA,Fruit & Nut Bars,17-Feb-22,4816.00,145
622,Kelci Walkden,Canada,Peanut Butter Cubes,08-Apr-22,7532.00,44
623,Gigi Bohling,Canada,Drinking Coco,06-Jul-22,3549.00,82
624,Husein Augar,India,Fruit & Nut Bars,04-Apr-22,4340.00,226
625,Jan Morforth,New Zealand,Organic Choco Syrup,02-Mar-22,1799.00,207
626,Gigi Bohling,New Zealand,Raspberry Choco,09-Aug-22,1127.00,176
627,Dennison Crosswaite,Australia,Milk Bars,09-Jun-22,10038.00,286
628,Ches Bonnell,UK,Caramel Stuffed Bars,02-Jun-22,2926.00,300
629,Van Tuxwell,USA,Fruit & Nut Bars,05-Jul-22,6279.00,235
630,Andria Kimpton,Canada,Eclairs,11-Aug-22,308.00,125
631,Madelene Upcott,India,Choco Coated Almonds,11-Feb-22,3500.00,145
632,Kelci Walkden,New Zealand,Spicy Special Slims,11-Aug-22,658.00,65
633,Roddy Speechley,Australia,Drinking Coco,12-May-22,12565.00,102
634,Wilone O'Kielt,USA,Milk Bars,15-Jul-22,5012.00,93
635,Andria Kimpton,India,Organic Choco Syrup,18-Jan-22,3955.00,134
636,Madelene Upcott,UK,Fruit & Nut Bars,05-Jan-22,8512.00,189
637,Curtice Advani,Australia,50% Dark Bites,29-Jun-22,504.00,232
638,Brien Boise,Canada,Raspberry Choco,14-Jun-22,2800.00,45
639,Gunar Cockshoot,India,Mint Chip Choco,08-Aug-22,4256.00,67
640,Dennison Crosswaite,India,Mint Chip Choco,23-Mar-22,13573.00,138
641,Barr Faughny,India,Caramel Stuffed Bars,04-Jan-22,6566.00,99
642,Brien Boise,India,Milk Bars,22-Feb-22,13503.00,251
643,Beverie Moffet,UK,Spicy Special Slims,17-Feb-22,8680.00,252
644,Barr Faughny,USA,Almond Choco,03-Feb-22,385.00,78
645,Van Tuxwell,Canada,Raspberry Choco,17-Mar-22,1267.00,130
646,Wilone O'Kielt,Australia,Baker's Choco Chips,25-Jan-22,2961.00,154
647,Brien Boise,Australia,Milk Bars,27-Jul-22,1981.00,52
648,Husein Augar,Australia,Fruit & Nut Bars,28-Jan-22,7959.00,53
649,Madelene Upcott,Australia,Organic Choco Syrup,05-Jul-22,10794.00,50
650,Van Tuxwell,India,White Choc,15-Mar-22,1897.00,44
651,Gunar Cockshoot,Canada,After Nines,04-Aug-22,2744.00,200
652,Jan Morforth,USA,Fruit & Nut Bars,27-Jun-22,4382.00,361
653,Jan Morforth,Canada,After Nines,13-Jul-22,4515.00,172
654,Barr Faughny,New Zealand,Manuka Honey Choco,24-Feb-22,5474.00,239
655,Karlen McCaffrey,New Zealand,85% Dark Bars,28-Jun-22,6069.00,55
656,Oby Sorrel,Australia,85% Dark Bars,30-Jun-22,6944.00,27
657,Curtice Advani,Canada,Choco Coated Almonds,18-Aug-22,5859.00,7
658,Kaine Padly,India,70% Dark Bites,24-Jan-22,12173.00,301
659,Beverie Moffet,USA,White Choc,11-Mar-22,5292.00,134
660,Ches Bonnell,New Zealand,After Nines,23-Jun-22,5705.00,350
661,Husein Augar,India,Spicy Special Slims,22-Aug-22,2492.00,33
662,Gunar Cockshoot,Canada,50% Dark Bites,04-Jan-22,3024.00,23
663,Curtice Advani,India,Milk Bars,05-Apr-22,3437.00,201
664,Beverie Moffet,India,Milk Bars,15-Apr-22,1869.00,323
665,Husein Augar,Australia,White Choc,11-May-22,3171.00,220
666,Andria Kimpton,Canada,Manuka Honey Choco,21-Jul-22,4858.00,488
667,Jan Morforth,New Zealand,Orange Choco,11-Feb-22,1225.00,84
668,Andria Kimpton,Canada,Smooth Sliky Salty,08-Jul-22,1155.00,79
669,Gunar Cockshoot,UK,Raspberry Choco,11-Aug-22,6811.00,344
670,Husein Augar,New Zealand,After Nines,04-Aug-22,6433.00,7
671,Andria Kimpton,New Zealand,Orange Choco,14-Jun-22,8169.00,88
672,Dennison Crosswaite,UK,Baker's Choco Chips,17-Jan-22,2275.00,275
673,Jehu Rudeforth,Canada,Orange Choco,23-Jun-22,3857.00,512
674,Jehu Rudeforth,UK,Smooth Sliky Salty,24-Aug-22,1463.00,113
675,Andria Kimpton,UK,Caramel Stuffed Bars,07-Jun-22,7924.00,275
676,Jan Morforth,UK,White Choc,22-Jun-22,8799.00,47
677,Dotty Strutley,USA,Fruit & Nut Bars,13-Jul-22,2898.00,276
678,Kelci Walkden,UK,Choco Coated Almonds,24-May-22,9506.00,212
679,Gunar Cockshoot,New Zealand,After Nines,09-Aug-22,7175.00,145
680,Kaine Padly,Canada,85% Dark Bars,06-Apr-22,1729.00,31
681,Jan Morforth,New Zealand,Manuka Honey Choco,28-Jul-22,1589.00,271
682,Gunar Cockshoot,New Zealand,Raspberry Choco,24-Aug-22,630.00,52
683,Van Tuxwell,Australia,99% Dark & Pure,17-Jan-22,112.00,128
684,Curtice Advani,USA,Drinking Coco,07-Feb-22,5187.00,142
685,Brien Boise,Australia,Spicy Special Slims,09-May-22,6223.00,256
686,Mallorie Waber,New Zealand,85% Dark Bars,06-Jun-22,7714.00,106
687,Wilone O'Kielt,USA,Choco Coated Almonds,06-Jun-22,9457.00,6
688,Beverie Moffet,New Zealand,Organic Choco Syrup,24-May-22,6678.00,226
689,Gunar Cockshoot,UK,50% Dark Bites,13-Jan-22,2107.00,121
690,Marney O'Breen,USA,Raspberry Choco,23-May-22,6069.00,151
691,Jehu Rudeforth,UK,White Choc,29-Jun-22,1862.00,284
692,Jehu Rudeforth,New Zealand,85% Dark Bars,11-Mar-22,6972.00,89
693,Dotty Strutley,USA,85% Dark Bars,25-Apr-22,10220.00,508
694,Rafaelita Blaksland,Australia,Smooth Sliky Salty,30-May-22,3969.00,243
695,Curtice Advani,India,Manuka Honey Choco,23-May-22,1547.00,170
696,Mallorie Waber,USA,Peanut Butter Cubes,23-May-22,1162.00,18
697,Van Tuxwell,Canada,Peanut Butter Cubes,24-Jun-22,6342.00,282
698,Kelci Walkden,New Zealand,Smooth Sliky Salty,11-Mar-22,10633.00,277
699,Rafaelita Blaksland,USA,Smooth Sliky Salty,27-Jul-22,15057.00,212
700,Rafaelita Blaksland,USA,White Choc,16-Aug-22,4704.00,126
701,Roddy Speechley,Canada,Smooth Sliky Salty,07-Mar-22,9338.00,11
702,Curtice Advani,New Zealand,After Nines,05-Apr-22,7959.00,30
703,Camilla Castle,India,85% Dark Bars,04-May-22,9023.00,51
704,Ches Bonnell,USA,Choco Coated Almonds,04-Jan-22,14525.00,92
705,Marney O'Breen,Australia,Baker's Choco Chips,13-Jan-22,5810.00,101
706,Wilone O'Kielt,New Zealand,Fruit & Nut Bars,11-Jul-22,6426.00,98
707,Kaine Padly,Australia,Mint Chip Choco,17-May-22,4403.00,159
708,Camilla Castle,New Zealand,Peanut Butter Cubes,21-Jul-22,1582.00,62
709,Curtice Advani,Canada,Organic Choco Syrup,22-Feb-22,791.00,22
710,Jan Morforth,India,99% Dark & Pure,23-May-22,9100.00,187
711,Rafaelita Blaksland,Canada,Drinking Coco,12-Jul-22,9884.00,200
712,Jan Morforth,UK,Orange Choco,15-Jun-22,3780.00,201
713,Barr Faughny,New Zealand,50% Dark Bites,23-Jun-22,4557.00,308
714,Curtice Advani,Australia,Eclairs,25-Mar-22,5796.00,55
715,Jan Morforth,India,Caramel Stuffed Bars,04-Jul-22,84.00,153
716,Andria Kimpton,UK,White Choc,12-May-22,9037.00,101
717,Camilla Castle,New Zealand,Raspberry Choco,04-Apr-22,4746.00,137
718,Madelene Upcott,Australia,Orange Choco,15-Apr-22,6713.00,398
719,Roddy Speechley,Canada,Eclairs,08-Mar-22,6237.00,88
720,Karlen McCaffrey,India,White Choc,17-Jan-22,7483.00,232
721,Wilone O'Kielt,India,Mint Chip Choco,22-Aug-22,1309.00,51
722,Andria Kimpton,UK,99% Dark & Pure,25-Jul-22,1155.00,66
723,Marney O'Breen,UK,50% Dark Bites,14-Jun-22,2989.00,124
724,Ches Bonnell,India,Choco Coated Almonds,05-Apr-22,9625.00,78
725,Madelene Upcott,UK,Raspberry Choco,26-Aug-22,7357.00,341
726,Wilone O'Kielt,Australia,50% Dark Bites,03-Aug-22,10031.00,114
727,Gigi Bohling,Canada,White Choc,11-Jul-22,6587.00,4
728,Wilone O'Kielt,New Zealand,Eclairs,11-Mar-22,3311.00,22
729,Brien Boise,UK,Peanut Butter Cubes,10-Jan-22,15330.00,30
730,Roddy Speechley,UK,Baker's Choco Chips,04-Apr-22,14028.00,351
731,Karlen McCaffrey,Australia,50% Dark Bites,17-Jan-22,6678.00,708
732,Marney O'Breen,New Zealand,Organic Choco Syrup,08-Jul-22,8624.00,50
733,Jan Morforth,UK,Organic Choco Syrup,12-Apr-22,1197.00,356
734,Rafaelita Blaksland,Canada,Fruit & Nut Bars,24-Aug-22,483.00,185
735,Ches Bonnell,UK,Choco Coated Almonds,07-Jun-22,1687.00,236
736,Gunar Cockshoot,Canada,Almond Choco,28-Jul-22,1309.00,30
737,Husein Augar,USA,99% Dark & Pure,21-Feb-22,9534.00,111
738,Dennison Crosswaite,Canada,Mint Chip Choco,08-Apr-22,1694.00,289
739,Brien Boise,UK,Manuka Honey Choco,28-Jun-22,70.00,103
740,Van Tuxwell,UK,Baker's Choco Chips,24-Mar-22,2443.00,20
741,Barr Faughny,Australia,Caramel Stuffed Bars,29-Jul-22,2933.00,55
742,Dennison Crosswaite,USA,Eclairs,25-May-22,2044.00,90
743,Gigi Bohling,Australia,Raspberry Choco,30-Mar-22,6524.00,303
744,Dennison Crosswaite,USA,Organic Choco Syrup,18-Jul-22,12656.00,126
745,Beverie Moffet,Canada,Orange Choco,10-May-22,8722.00,109
746,Mallorie Waber,Australia,Choco Coated Almonds,18-Mar-22,15750.00,92
747,Ches Bonnell,India,Caramel Stuffed Bars,15-Jun-22,6839.00,56
748,Van Tuxwell,Canada,50% Dark Bites,12-May-22,13685.00,58
749,Kelci Walkden,New Zealand,Baker's Choco Chips,23-Jun-22,2912.00,110
750,Beverie Moffet,India,Spicy Special Slims,21-Apr-22,3339.00,171
751,Gigi Bohling,Australia,Almond Choco,17-Aug-22,910.00,117
752,Rafaelita Blaksland,New Zealand,Eclairs,07-Feb-22,19481.00,51
753,Kelci Walkden,Canada,Smooth Sliky Salty,17-Mar-22,8099.00,118
754,Jan Morforth,India,Baker's Choco Chips,01-Aug-22,13727.00,79
755,Jehu Rudeforth,Australia,Milk Bars,18-Mar-22,8659.00,29
756,Gigi Bohling,Canada,Fruit & Nut Bars,14-Jun-22,5782.00,103
757,Beverie Moffet,UK,Eclairs,22-Apr-22,8463.00,155
758,Marney O'Breen,New Zealand,Eclairs,18-Jan-22,4914.00,31
759,Husein Augar,Australia,99% Dark & Pure,26-Aug-22,3087.00,128
760,Gunar Cockshoot,New Zealand,Fruit & Nut Bars,10-Jun-22,9205.00,419
761,Curtice Advani,Canada,70% Dark Bites,31-Jan-22,2303.00,7
762,Kelci Walkden,New Zealand,Manuka Honey Choco,08-Apr-22,1358.00,106
763,Dotty Strutley,Australia,Baker's Choco Chips,07-Jun-22,3605.00,68
764,Barr Faughny,Australia,85% Dark Bars,10-Feb-22,8498.00,44
765,Beverie Moffet,Australia,50% Dark Bites,16-May-22,700.00,457
766,Gunar Cockshoot,India,Baker's Choco Chips,18-Mar-22,2191.00,524
767,Van Tuxwell,Australia,50% Dark Bites,13-Jul-22,644.00,137
768,Oby Sorrel,USA,Manuka Honey Choco,25-Jul-22,4340.00,86
769,Van Tuxwell,Canada,Choco Coated Almonds,19-Aug-22,2282.00,296
770,Karlen McCaffrey,Canada,70% Dark Bites,24-Jun-22,7714.00,597
771,Kelci Walkden,Canada,Fruit & Nut Bars,20-Jun-22,826.00,149
772,Camilla Castle,India,99% Dark & Pure,02-Aug-22,203.00,207
773,Madelene Upcott,New Zealand,70% Dark Bites,22-Feb-22,13356.00,93
774,Mallorie Waber,New Zealand,Orange Choco,01-Feb-22,6510.00,23
775,Jan Morforth,Canada,70% Dark Bites,14-Feb-22,5894.00,305
776,Kelci Walkden,Australia,Milk Bars,24-Feb-22,7910.00,125
777,Dennison Crosswaite,India,Orange Choco,18-Mar-22,784.00,129
778,Husein Augar,UK,Eclairs,30-Aug-22,1750.00,252
779,Gigi Bohling,USA,Peanut Butter Cubes,09-May-22,280.00,75
780,Wilone O'Kielt,USA,Smooth Sliky Salty,18-Jan-22,504.00,87
781,Curtice Advani,India,White Choc,04-Jul-22,7154.00,342
782,Oby Sorrel,New Zealand,Spicy Special Slims,03-Jun-22,1617.00,13
783,Beverie Moffet,New Zealand,Peanut Butter Cubes,23-Feb-22,10822.00,30
784,Dotty Strutley,New Zealand,99% Dark & Pure,09-May-22,10724.00,203
785,Kelci Walkden,India,70% Dark Bites,06-Jun-22,3640.00,106
786,Kelci Walkden,India,Drinking Coco,04-Jul-22,7532.00,234
787,Brien Boise,New Zealand,Drinking Coco,06-Jun-22,1582.00,100
788,Dotty Strutley,Australia,Almond Choco,13-May-22,1456.00,91
789,Wilone O'Kielt,New Zealand,Organic Choco Syrup,31-Jan-22,2016.00,277
790,Ches Bonnell,New Zealand,Caramel Stuffed Bars,30-Jun-22,7588.00,42
791,Barr Faughny,Canada,Manuka Honey Choco,25-Aug-22,3402.00,249
792,Gigi Bohling,New Zealand,Smooth Sliky Salty,10-Jan-22,700.00,97
793,Brien Boise,USA,Manuka Honey Choco,22-Aug-22,1904.00,8
794,Roddy Speechley,New Zealand,85% Dark Bars,14-Apr-22,4844.00,275
795,Oby Sorrel,UK,Smooth Sliky Salty,31-May-22,9625.00,313
796,Oby Sorrel,UK,Raspberry Choco,08-Apr-22,4599.00,323
797,Roddy Speechley,USA,Drinking Coco,21-Feb-22,3003.00,155
798,Andria Kimpton,Australia,Manuka Honey Choco,30-Mar-22,9744.00,377
799,Mallorie Waber,India,Raspberry Choco,02-Mar-22,1400.00,2
800,Jehu Rudeforth,USA,Orange Choco,28-Jul-22,364.00,170
801,Kaine Padly,New Zealand,70% Dark Bites,24-Mar-22,7231.00,38
802,Curtice Advani,Australia,After Nines,11-Aug-22,63.00,105
803,Husein Augar,UK,Almond Choco,17-May-22,8309.00,166
804,Kaine Padly,Canada,Choco Coated Almonds,18-May-22,3164.00,164
805,Roddy Speechley,UK,Peanut Butter Cubes,17-Aug-22,5691.00,171
806,Ches Bonnell,New Zealand,Eclairs,04-Apr-22,490.00,49
807,Brien Boise,India,85% Dark Bars,09-Aug-22,18032.00,205
808,Brien Boise,New Zealand,Organic Choco Syrup,17-Jan-22,637.00,313
809,Andria Kimpton,Canada,White Choc,14-Feb-22,4067.00,29
810,Gigi Bohling,New Zealand,Orange Choco,16-May-22,8204.00,307
811,Ches Bonnell,Canada,Smooth Sliky Salty,16-Mar-22,9870.00,121
812,Husein Augar,Canada,70% Dark Bites,31-Jan-22,5131.00,285
813,Barr Faughny,Canada,Organic Choco Syrup,10-Mar-22,1141.00,205
814,Oby Sorrel,UK,Organic Choco Syrup,30-Jun-22,7980.00,157
815,Van Tuxwell,New Zealand,Eclairs,01-Mar-22,5229.00,182
816,Mallorie Waber,UK,Drinking Coco,27-May-22,3423.00,100
817,Oby Sorrel,UK,Milk Bars,11-Jul-22,6468.00,223
818,Karlen McCaffrey,New Zealand,Mint Chip Choco,02-Mar-22,4326.00,61
819,Jehu Rudeforth,USA,Raspberry Choco,04-Mar-22,7154.00,133
820,Kelci Walkden,UK,85% Dark Bars,23-Jun-22,3997.00,228
821,Kelci Walkden,USA,Almond Choco,27-Jan-22,5180.00,233
822,Marney O'Breen,Canada,Orange Choco,14-Jan-22,2723.00,425
823,Dennison Crosswaite,India,Fruit & Nut Bars,29-Jul-22,952.00,24
824,Brien Boise,Canada,Smooth Sliky Salty,13-May-22,5691.00,495
825,Barr Faughny,Canada,Baker's Choco Chips,03-Feb-22,10969.00,170
826,Brien Boise,India,Smooth Sliky Salty,27-May-22,5964.00,26
827,Jan Morforth,Australia,Drinking Coco,18-Feb-22,2821.00,24
828,Brien Boise,India,Spicy Special Slims,28-Jan-22,1302.00,33
829,Van Tuxwell,UK,Eclairs,29-Jun-22,5474.00,109
830,Wilone O'Kielt,India,Caramel Stuffed Bars,13-Jan-22,4179.00,276
831,Jehu Rudeforth,UK,After Nines,27-Jun-22,1946.00,164
832,Barr Faughny,Canada,White Choc,29-Mar-22,4291.00,1
833,Gunar Cockshoot,India,Organic Choco Syrup,03-Jun-22,7196.00,160
834,Mallorie Waber,Canada,Smooth Sliky Salty,21-Mar-22,1939.00,98
835,Mallorie Waber,India,Eclairs,12-Apr-22,10437.00,46
836,Rafaelita Blaksland,Australia,Raspberry Choco,19-Jan-22,6916.00,259
837,Karlen McCaffrey,UK,50% Dark Bites,06-Apr-22,3647.00,310
838,Kaine Padly,Australia,50% Dark Bites,02-Aug-22,8995.00,78
839,Gigi Bohling,Australia,Eclairs,12-Apr-22,7252.00,136
840,Oby Sorrel,India,Drinking Coco,21-Jul-22,16380.00,130
841,Van Tuxwell,New Zealand,Baker's Choco Chips,22-Mar-22,9660.00,24
842,Husein Augar,India,Peanut Butter Cubes,09-May-22,4522.00,5
843,Andria Kimpton,Australia,Baker's Choco Chips,09-Aug-22,329.00,109
844,Madelene Upcott,Canada,Choco Coated Almonds,20-Jul-22,3458.00,294
845,Brien Boise,India,70% Dark Bites,14-Apr-22,4641.00,413
846,Jehu Rudeforth,Canada,White Choc,25-Jan-22,4627.00,136
847,Andria Kimpton,Australia,Almond Choco,25-Apr-22,3192.00,175
848,Dotty Strutley,Canada,After Nines,17-Jan-22,252.00,237
849,Karlen McCaffrey,USA,Eclairs,15-Aug-22,868.00,125
850,Karlen McCaffrey,Canada,Fruit & Nut Bars,02-Jun-22,210.00,16
851,Gunar Cockshoot,USA,85% Dark Bars,30-Jun-22,7007.00,135
852,Dotty Strutley,New Zealand,Raspberry Choco,10-Feb-22,5845.00,91
853,Marney O'Breen,Canada,Caramel Stuffed Bars,23-Feb-22,1372.00,614
854,Dennison Crosswaite,India,Organic Choco Syrup,27-Jan-22,8428.00,216
855,Camilla Castle,UK,Mint Chip Choco,26-May-22,4977.00,317
856,Brien Boise,USA,70% Dark Bites,14-Apr-22,1694.00,21
857,Madelene Upcott,Australia,99% Dark & Pure,01-Aug-22,4326.00,154
858,Mallorie Waber,Australia,Eclairs,22-Aug-22,9527.00,222
859,Marney O'Breen,India,99% Dark & Pure,22-Jul-22,10766.00,157
860,Husein Augar,USA,Fruit & Nut Bars,28-Apr-22,1288.00,27
861,Kelci Walkden,Australia,Almond Choco,30-May-22,4879.00,350
862,Ches Bonnell,USA,Milk Bars,21-Jul-22,2408.00,157
863,Jan Morforth,UK,Caramel Stuffed Bars,02-Aug-22,3094.00,468
864,Brien Boise,New Zealand,70% Dark Bites,15-Jun-22,7231.00,130
865,Oby Sorrel,India,85% Dark Bars,05-Jul-22,8981.00,130
866,Kaine Padly,New Zealand,Smooth Sliky Salty,12-Apr-22,7.00,518
867,Gigi Bohling,Australia,70% Dark Bites,18-Aug-22,1372.00,105
868,Jan Morforth,UK,50% Dark Bites,12-Jan-22,5250.00,293
869,Gunar Cockshoot,Canada,White Choc,11-Aug-22,7560.00,15
870,Jehu Rudeforth,Australia,Spicy Special Slims,13-Jan-22,5012.00,384
871,Husein Augar,UK,Baker's Choco Chips,29-Apr-22,3038.00,135
872,Rafaelita Blaksland,New Zealand,After Nines,07-Jul-22,1099.00,92
873,Madelene Upcott,New Zealand,Mint Chip Choco,11-Mar-22,7413.00,4
874,Madelene Upcott,UK,70% Dark Bites,16-Feb-22,5397.00,239
875,Barr Faughny,Australia,Organic Choco Syrup,07-Jan-22,2303.00,33
876,Beverie Moffet,New Zealand,Drinking Coco,12-Jan-22,1141.00,518
877,Beverie Moffet,India,Eclairs,09-Jun-22,10325.00,147
878,Andria Kimpton,India,Eclairs,16-May-22,2149.00,84
879,Gigi Bohling,UK,85% Dark Bars,23-Jun-22,12362.00,94
880,Roddy Speechley,UK,Raspberry Choco,28-Jan-22,12635.00,194
881,Dotty Strutley,UK,Mint Chip Choco,14-Jul-22,2443.00,216
882,Barr Faughny,Canada,Drinking Coco,18-Apr-22,6237.00,247
883,Oby Sorrel,USA,Milk Bars,14-Jun-22,1736.00,79
884,Oby Sorrel,UK,Orange Choco,15-Apr-22,7315.00,237
885,Curtice Advani,Canada,Peanut Butter Cubes,19-May-22,4935.00,63
886,Gigi Bohling,India,White Choc,13-Apr-22,1393.00,172
887,Husein Augar,Canada,Choco Coated Almonds,15-Aug-22,3381.00,408
888,Wilone O'Kielt,India,Choco Coated Almonds,22-Aug-22,2933.00,233
889,Wilone O'Kielt,New Zealand,Baker's Choco Chips,22-Apr-22,3836.00,59
890,Kaine Padly,UK,Choco Coated Almonds,03-Aug-22,8022.00,123
891,Dennison Crosswaite,New Zealand,Organic Choco Syrup,04-Jan-22,371.00,229
892,Kelci Walkden,Canada,After Nines,13-Jan-22,16702.00,198
893,Van Tuxwell,Australia,Baker's Choco Chips,11-May-22,13258.00,32
894,Husein Augar,New Zealand,Peanut Butter Cubes,16-Feb-22,2058.00,236
895,Kaine Padly,UK,Caramel Stuffed Bars,20-May-22,10192.00,67
896,Jehu Rudeforth,UK,Drinking Coco,03-Feb-22,7140.00,438
897,Beverie Moffet,India,Manuka Honey Choco,06-May-22,9835.00,167
898,Gunar Cockshoot,UK,Choco Coated Almonds,30-Jun-22,5775.00,135
899,Gunar Cockshoot,UK,Smooth Sliky Salty,22-Mar-22,749.00,148
900,Camilla Castle,Canada,Orange Choco,17-Feb-22,7770.00,54
901,Jehu Rudeforth,UK,85% Dark Bars,07-Jul-22,5502.00,64
902,Oby Sorrel,UK,70% Dark Bites,16-Mar-22,6223.00,181
903,Kelci Walkden,UK,99% Dark & Pure,12-Aug-22,3507.00,114
904,Gigi Bohling,New Zealand,After Nines,21-Jan-22,5600.00,181
905,Oby Sorrel,Australia,50% Dark Bites,06-May-22,721.00,151
906,Oby Sorrel,Canada,50% Dark Bites,24-Jun-22,6615.00,137
907,Barr Faughny,USA,White Choc,05-May-22,7420.00,163
908,Rafaelita Blaksland,New Zealand,99% Dark & Pure,25-Mar-22,3164.00,84
909,Curtice Advani,Australia,Caramel Stuffed Bars,14-Feb-22,9114.00,140
910,Curtice Advani,New Zealand,85% Dark Bars,12-May-22,5404.00,187
911,Barr Faughny,New Zealand,Smooth Sliky Salty,25-Jan-22,3990.00,169
912,Ches Bonnell,UK,85% Dark Bars,28-Jun-22,14924.00,12
913,Dennison Crosswaite,Australia,Drinking Coco,13-Jul-22,7091.00,194
914,Roddy Speechley,USA,Milk Bars,16-May-22,2807.00,252
915,Jan Morforth,India,After Nines,14-Mar-22,6496.00,168
916,Gunar Cockshoot,USA,After Nines,15-Aug-22,3738.00,261
917,Ches Bonnell,India,Orange Choco,16-Feb-22,1190.00,256
918,Mallorie Waber,UK,Manuka Honey Choco,15-Jun-22,8379.00,43
919,Barr Faughny,Australia,Raspberry Choco,27-May-22,9268.00,100
920,Wilone O'Kielt,USA,Drinking Coco,14-Jun-22,1029.00,98
921,Wilone O'Kielt,India,Eclairs,25-Feb-22,3549.00,76
922,Wilone O'Kielt,India,After Nines,04-Aug-22,12026.00,262
923,Kelci Walkden,India,99% Dark & Pure,28-Jun-22,2303.00,244
924,Gunar Cockshoot,Canada,Spicy Special Slims,05-Apr-22,13405.00,12
925,Madelene Upcott,Canada,Peanut Butter Cubes,05-Jul-22,14763.00,113
926,Kaine Padly,New Zealand,Eclairs,20-Jan-22,12894.00,48
927,Ches Bonnell,New Zealand,Drinking Coco,16-Feb-22,8302.00,131
928,Curtice Advani,UK,Drinking Coco,12-Jul-22,455.00,174
929,Kelci Walkden,India,Raspberry Choco,16-Jun-22,8183.00,254
930,Dotty Strutley,Australia,Choco Coated Almonds,13-Apr-22,1645.00,284
931,Kaine Padly,UK,50% Dark Bites,21-Feb-22,3143.00,67
932,Roddy Speechley,Canada,Choco Coated Almonds,11-May-22,5873.00,249
933,Ches Bonnell,India,50% Dark Bites,15-Apr-22,11298.00,313
934,Oby Sorrel,Canada,Peanut Butter Cubes,07-Jun-22,12425.00,167
935,Oby Sorrel,UK,White Choc,27-Jun-22,1715.00,286
936,Barr Faughny,India,After Nines,29-Jul-22,8190.00,109
937,Wilone O'Kielt,Canada,Smooth Sliky Salty,02-Jun-22,4991.00,166
938,Rafaelita Blaksland,India,Mint Chip Choco,26-Jan-22,15491.00,85
939,Rafaelita Blaksland,Canada,99% Dark & Pure,02-Mar-22,5096.00,142
940,Van Tuxwell,Australia,70% Dark Bites,10-Jan-22,7063.00,104
941,Beverie Moffet,USA,70% Dark Bites,27-Jun-22,2275.00,115
942,Barr Faughny,Canada,Orange Choco,30-Jun-22,7602.00,18
943,Roddy Speechley,Australia,85% Dark Bars,08-Jul-22,4200.00,80
944,Oby Sorrel,India,Spicy Special Slims,08-Jun-22,11137.00,88
945,Jan Morforth,UK,Manuka Honey Choco,18-Aug-22,3388.00,212
946,Kaine Padly,Australia,After Nines,08-Apr-22,6832.00,306
947,Wilone O'Kielt,Canada,Fruit & Nut Bars,08-Aug-22,3437.00,181
948,Wilone O'Kielt,UK,Milk Bars,26-Aug-22,301.00,65
949,Oby Sorrel,Canada,Fruit & Nut Bars,14-Jan-22,1869.00,158
950,Dennison Crosswaite,USA,Baker's Choco Chips,11-Aug-22,17465.00,271
951,Madelene Upcott,USA,Almond Choco,31-May-22,10143.00,24
952,Van Tuxwell,New Zealand,50% Dark Bites,11-Jul-22,3626.00,10
953,Karlen McCaffrey,Canada,Caramel Stuffed Bars,02-Mar-22,3346.00,304
954,Madelene Upcott,Australia,Raspberry Choco,13-Jul-22,6321.00,88
955,Rafaelita Blaksland,UK,Spicy Special Slims,03-Aug-22,9345.00,133
956,Curtice Advani,UK,Peanut Butter Cubes,01-Mar-22,15008.00,165
957,Kelci Walkden,New Zealand,White Choc,13-Apr-22,7609.00,150
958,Beverie Moffet,Canada,Fruit & Nut Bars,14-Feb-22,10332.00,180
959,Mallorie Waber,India,White Choc,26-Jul-22,819.00,213
960,Brien Boise,UK,Drinking Coco,27-Jan-22,5754.00,133
961,Jehu Rudeforth,India,Peanut Butter Cubes,14-Apr-22,28.00,446
962,Oby Sorrel,USA,Almond Choco,19-May-22,6440.00,141
963,Husein Augar,India,Eclairs,09-Feb-22,4956.00,58
964,Brien Boise,UK,Spicy Special Slims,25-May-22,2352.00,58
965,Oby Sorrel,Australia,Manuka Honey Choco,26-Jan-22,3906.00,76
966,Beverie Moffet,India,White Choc,04-Jul-22,1813.00,296
967,Ches Bonnell,India,Almond Choco,13-Apr-22,11788.00,73
968,Gigi Bohling,Australia,Smooth Sliky Salty,25-Jan-22,5768.00,119
969,Camilla Castle,USA,85% Dark Bars,25-Apr-22,2401.00,78
970,Camilla Castle,USA,Eclairs,10-Jun-22,4515.00,392
971,Madelene Upcott,New Zealand,White Choc,22-Aug-22,10794.00,51
972,Van Tuxwell,India,After Nines,27-Jun-22,13706.00,207
973,Husein Augar,India,Orange Choco,30-Jun-22,4361.00,40
974,Jehu Rudeforth,India,Almond Choco,30-Aug-22,10122.00,100
975,Karlen McCaffrey,Australia,Raspberry Choco,23-Aug-22,994.00,57
976,Camilla Castle,New Zealand,99% Dark & Pure,26-Aug-22,2268.00,42
977,Gigi Bohling,Australia,Orange Choco,09-Mar-22,574.00,156
978,Kelci Walkden,UK,Drinking Coco,20-Apr-22,1792.00,23
979,Mallorie Waber,Canada,Caramel Stuffed Bars,10-Jun-22,4844.00,539
980,Husein Augar,Australia,Organic Choco Syrup,08-Feb-22,938.00,158
981,Brien Boise,Australia,White Choc,25-Aug-22,4879.00,22
982,Dotty Strutley,India,Peanut Butter Cubes,16-Feb-22,9107.00,73
983,Dennison Crosswaite,UK,99% Dark & Pure,30-May-22,12187.00,27
984,Gigi Bohling,New Zealand,50% Dark Bites,29-Jun-22,5670.00,64
985,Gigi Bohling,USA,Milk Bars,16-Jun-22,476.00,133
986,Brien Boise,UK,Caramel Stuffed Bars,04-Mar-22,2681.00,149
987,Curtice Advani,New Zealand,Peanut Butter Cubes,15-Mar-22,1533.00,434
988,Curtice Advani,New Zealand,50% Dark Bites,27-Jan-22,9765.00,85
989,Beverie Moffet,Canada,Drinking Coco,05-Jul-22,994.00,118
990,Barr Faughny,USA,Caramel Stuffed Bars,29-Mar-22,3318.00,299
991,Mallorie Waber,Canada,Almond Choco,12-May-22,4214.00,35
992,Oby Sorrel,USA,Drinking Coco,11-Mar-22,7714.00,44
993,Brien Boise,New Zealand,Eclairs,11-Jul-22,4690.00,299
994,Gunar Cockshoot,New Zealand,Choco Coated Almonds,01-Aug-22,13062.00,62
995,Gunar Cockshoot,UK,Spicy Special Slims,16-Feb-22,12488.00,200
996,Curtice Advani,USA,After Nines,13-Apr-22,14147.00,235
997,Oby Sorrel,India,Choco Coated Almonds,14-Feb-22,49.00,363
998,Ches Bonnell,Australia,Peanut Butter Cubes,14-Mar-22,10199.00,68
999,Oby Sorrel,Australia,Spicy Special Slims,26-Apr-22,11389.00,26
1000,Jehu Rudeforth,Canada,Manuka Honey Choco,05-Apr-22,3584.00,200
1001,Camilla Castle,Canada,Drinking Coco,03-Mar-22,12481.00,264
1002,Kaine Padly,USA,Spicy Special Slims,13-Jun-22,2107.00,175
1003,Marney O'Breen,New Zealand,70% Dark Bites,14-Feb-22,8603.00,352
1004,Roddy Speechley,New Zealand,99% Dark & Pure,18-Apr-22,7483.00,183
1005,Oby Sorrel,New Zealand,85% Dark Bars,01-Feb-22,3381.00,417
1006,Dotty Strutley,New Zealand,Orange Choco,04-Aug-22,2030.00,146
1007,Andria Kimpton,New Zealand,Almond Choco,05-Apr-22,6559.00,158
1008,Karlen McCaffrey,Australia,99% Dark & Pure,26-Jan-22,10822.00,168
1009,Kaine Padly,UK,After Nines,21-Jan-22,18697.00,176
1010,Kaine Padly,Canada,After Nines,22-Aug-22,5845.00,172
1011,Kaine Padly,UK,Drinking Coco,27-Jan-22,2317.00,224
1012,Rafaelita Blaksland,UK,50% Dark Bites,16-Feb-22,10150.00,68
1013,Dotty Strutley,USA,Raspberry Choco,03-Jan-22,3437.00,46
1014,Karlen McCaffrey,USA,White Choc,24-Aug-22,4592.00,2
1015,Oby Sorrel,USA,Spicy Special Slims,07-Feb-22,5691.00,417
1016,Mallorie Waber,Australia,Smooth Sliky Salty,11-Feb-22,4158.00,109
1017,Kaine Padly,Canada,Organic Choco Syrup,29-Mar-22,5684.00,81
1018,Marney O'Breen,USA,Peanut Butter Cubes,15-Jun-22,693.00,350
1019,Dennison Crosswaite,UK,Smooth Sliky Salty,26-Apr-22,546.00,142
1020,Brien Boise,Australia,Organic Choco Syrup,15-Jul-22,4263.00,264
1021,Beverie Moffet,India,Organic Choco Syrup,23-Jun-22,1036.00,20
1022,Dennison Crosswaite,Australia,Baker's Choco Chips,11-Jan-22,13846.00,421
1023,Beverie Moffet,UK,50% Dark Bites,09-Feb-22,2499.00,271
1024,Van Tuxwell,UK,Almond Choco,06-Jun-22,10689.00,204
1025,Dotty Strutley,UK,Caramel Stuffed Bars,10-Aug-22,5768.00,235
1026,Wilone O'Kielt,Australia,Smooth Sliky Salty,04-Jan-22,2226.00,46
1027,Andria Kimpton,Canada,70% Dark Bites,08-Apr-22,10262.00,15
1028,Barr Faughny,UK,Milk Bars,02-Mar-22,3864.00,430
1029,Van Tuxwell,Canada,Drinking Coco,15-Jun-22,4900.00,709
1030,Jehu Rudeforth,Australia,After Nines,14-Feb-22,5250.00,47
1031,Husein Augar,UK,After Nines,05-Jul-22,3507.00,380
1032,Barr Faughny,India,Mint Chip Choco,12-Jan-22,7413.00,465
1033,Curtice Advani,India,Mint Chip Choco,03-Mar-22,8155.00,96
1034,Jehu Rudeforth,New Zealand,Milk Bars,18-May-22,2478.00,188
1035,Gunar Cockshoot,India,Caramel Stuffed Bars,28-Jul-22,2471.00,202
1036,Curtice Advani,UK,Manuka Honey Choco,07-Feb-22,1666.00,106
1037,Andria Kimpton,India,Orange Choco,30-May-22,301.00,421
1038,Mallorie Waber,Australia,Raspberry Choco,25-Apr-22,8400.00,27
1039,Beverie Moffet,Canada,85% Dark Bars,16-Feb-22,6139.00,45
1040,Kelci Walkden,Australia,Drinking Coco,04-May-22,1288.00,60
1041,Van Tuxwell,Canada,70% Dark Bites,02-Jun-22,7077.00,77
1042,Dennison Crosswaite,USA,Caramel Stuffed Bars,11-Jul-22,2317.00,464
1043,Beverie Moffet,New Zealand,Spicy Special Slims,07-Jun-22,63.00,60
1044,Jan Morforth,UK,Almond Choco,06-Jul-22,9744.00,157
1045,Husein Augar,India,Raspberry Choco,15-Jun-22,9954.00,154
1046,Dotty Strutley,India,Mint Chip Choco,14-Apr-22,1260.00,239
1047,Camilla Castle,India,Drinking Coco,08-Aug-22,469.00,163
1048,Marney O'Breen,UK,Drinking Coco,29-Mar-22,973.00,28
1049,Roddy Speechley,Australia,Organic Choco Syrup,04-Jul-22,3647.00,76
1050,Ches Bonnell,India,99% Dark & Pure,16-Feb-22,455.00,96
1051,Rafaelita Blaksland,Canada,Spicy Special Slims,02-May-22,2520.00,156
1052,Van Tuxwell,India,Eclairs,21-Jul-22,10500.00,106
1053,Gunar Cockshoot,Australia,99% Dark & Pure,18-Aug-22,7952.00,235
1054,Kaine Padly,USA,85% Dark Bars,22-Jun-22,483.00,259
1055,Camilla Castle,UK,Peanut Butter Cubes,19-Jul-22,4872.00,126
1056,Madelene Upcott,UK,Peanut Butter Cubes,12-Aug-22,7756.00,85
1057,Madelene Upcott,USA,Choco Coated Almonds,07-Jun-22,5446.00,132
1058,Marney O'Breen,Canada,Peanut Butter Cubes,08-Mar-22,6594.00,91
1059,Ches Bonnell,Australia,Choco Coated Almonds,08-Apr-22,1470.00,167
1060,Curtice Advani,Canada,Eclairs,06-May-22,721.00,203
1061,Roddy Speechley,India,Drinking Coco,31-May-22,4494.00,11
1062,Van Tuxwell,Australia,Mint Chip Choco,13-Jan-22,2674.00,295
1063,Dennison Crosswaite,USA,70% Dark Bites,15-Mar-22,658.00,77
1064,Andria Kimpton,Canada,Peanut Butter Cubes,16-Feb-22,1127.00,319
1065,Gigi Bohling,USA,70% Dark Bites,14-Jan-22,7364.00,196
1066,Rafaelita Blaksland,Australia,White Choc,21-Mar-22,6818.00,102
1067,Roddy Speechley,Canada,Drinking Coco,17-May-22,6776.00,312
1068,Camilla Castle,New Zealand,85% Dark Bars,08-Aug-22,15099.00,55
1069,Madelene Upcott,Canada,Milk Bars,26-Apr-22,3612.00,82
1070,Madelene Upcott,Australia,70% Dark Bites,15-Apr-22,3710.00,260
1071,Oby Sorrel,Canada,Eclairs,19-May-22,6111.00,591
1072,Dennison Crosswaite,Canada,Drinking Coco,10-Jan-22,2702.00,24
1073,Mallorie Waber,New Zealand,After Nines,04-May-22,483.00,228
1074,Roddy Speechley,Canada,White Choc,05-Apr-22,5887.00,268
1075,Andria Kimpton,India,After Nines,17-Jan-22,952.00,68
1076,Roddy Speechley,India,Spicy Special Slims,22-Mar-22,10647.00,173
1077,Dotty Strutley,Australia,White Choc,05-Jul-22,6055.00,93
1078,Oby Sorrel,Canada,Orange Choco,27-Apr-22,8757.00,338
1079,Kaine Padly,Canada,Almond Choco,12-Aug-22,6055.00,73
1080,Jan Morforth,UK,Baker's Choco Chips,11-Mar-22,721.00,251
1081,Jehu Rudeforth,UK,Fruit & Nut Bars,13-May-22,8589.00,229
1082,Dennison Crosswaite,USA,Smooth Sliky Salty,12-May-22,11781.00,91
1083,Brien Boise,USA,Raspberry Choco,12-Jan-22,672.00,194
1084,Madelene Upcott,New Zealand,Milk Bars,29-Mar-22,12558.00,403
1085,Roddy Speechley,India,50% Dark Bites,14-Mar-22,8337.00,12
1086,Barr Faughny,New Zealand,99% Dark & Pure,24-May-22,8134.00,195
1087,Dennison Crosswaite,Canada,Organic Choco Syrup,28-Jan-22,8491.00,75
1088,Beverie Moffet,India,Almond Choco,24-May-22,3066.00,96
1089,Brien Boise,Australia,Peanut Butter Cubes,19-Aug-22,301.00,205
1090,Karlen McCaffrey,Australia,Spicy Special Slims,17-May-22,4410.00,323
1091,Jehu Rudeforth,USA,White Choc,07-Jun-22,6559.00,119
1092,Ches Bonnell,Canada,Organic Choco Syrup,26-Jul-22,574.00,217
1093,Dotty Strutley,India,Eclairs,28-Jul-22,2086.00,384
1094,Karlen McCaffrey,India,70% Dark Bites,23-May-22,5075.00,344
